id,grSite,activeObelisk
1,1,278
2,1,295
3,1,301
4,1,317
5,1,374
6,1,376
7,1,401
8,1,503
9,1,553
10,1,555
11,2,271
12,2,283
13,2,357
14,2,394
15,2,432
16,2,435
17,2,436
18,2,500
19,2,519
20,2,524
21,3,38
22,3,40
23,3,48
24,3,53
25,3,62
26,3,67
27,3,104
28,3,123
29,3,131
30,3,151
31,3,154
32,3,165
33,3,199
34,4,275
35,4,284
36,4,361
37,4,365
38,4,398
39,4,407
40,4,410
41,4,413
42,4,440
43,4,474
44,4,477
45,5,5
46,5,8
47,5,11
48,5,42
49,5,47
50,5,56
51,5,61
52,5,87
53,5,94
54,5,103
55,5,108
56,5,150
57,5,157
58,5,235
59,5,237
60,5,259
61,5,265
62,5,268
63,6,287
64,6,304
65,6,383
66,6,393
67,6,437
68,6,442
69,6,502
70,6,515
71,6,530
72,7,9
73,7,12
74,7,20
75,7,78
76,7,86
77,7,97
78,7,102
79,7,110
80,7,140
81,7,149
82,7,160
83,7,173
84,7,185
85,7,187
86,7,196
87,7,212
88,7,228
89,7,229
90,7,233
91,7,244
92,7,255
93,7,265
94,8,283
95,8,360
96,8,376
97,8,384
98,8,436
99,8,481
100,8,499
101,8,500
102,9,614
103,9,618
104,9,637
105,9,641
106,9,645
107,9,664
108,9,666
109,9,674
110,9,679
111,9,680
112,9,682
113,9,698
114,9,700
115,9,725
116,9,733
117,9,792
118,9,804
119,9,807
120,9,813
121,9,814
122,9,862
123,9,866
124,9,874
125,9,887
126,9,891
127,9,910
128,9,923
129,9,930
130,9,933
131,9,950
132,9,954
133,10,313
134,10,319
135,10,436
136,10,441
137,10,447
138,10,449
139,10,467
140,10,500
141,10,503
142,10,519
143,10,520
144,10,525
145,11,42
146,11,47
147,11,48
148,11,56
149,11,61
150,11,62
151,11,103
152,11,104
153,11,135
154,11,139
155,11,179
156,11,184
157,11,193
158,11,194
159,11,199
160,11,203
161,11,215
162,11,223
163,11,227
164,11,235
165,11,237
166,11,240
167,12,24
168,12,29
169,12,36
170,12,52
171,12,53
172,12,54
173,12,66
174,12,67
175,12,68
176,12,74
177,12,78
178,12,108
179,12,110
180,12,121
181,12,122
182,12,130
183,12,149
184,12,162
185,12,163
186,12,169
187,12,173
188,12,209
189,12,210
190,12,228
191,12,244
192,12,258
193,12,262
194,12,269
195,13,7
196,13,8
197,13,12
198,13,22
199,13,39
200,13,56
201,13,61
202,13,93
203,13,99
204,13,132
205,13,134
206,13,138
207,13,168
208,13,178
209,13,179
210,13,185
211,13,202
212,13,233
213,13,235
214,14,614
215,14,629
216,14,632
217,14,641
218,14,656
219,14,659
220,14,713
221,14,714
222,14,715
223,14,723
224,14,733
225,14,796
226,14,800
227,14,807
228,14,812
229,14,814
230,14,836
231,14,841
232,14,847
233,14,850
234,14,855
235,14,857
236,14,880
237,14,882
238,14,887
239,14,902
240,14,905
241,14,915
242,14,917
243,14,926
244,14,933
245,14,935
246,15,649
247,15,664
248,15,666
249,15,667
250,15,693
251,15,702
252,15,708
253,15,711
254,15,756
255,15,762
256,15,764
257,15,779
258,15,786
259,15,798
260,15,803
261,15,835
262,15,836
263,15,848
264,15,859
265,15,873
266,15,874
267,15,917
268,16,667
269,16,679
270,16,700
271,16,708
272,16,715
273,16,733
274,16,795
275,16,797
276,16,821
277,16,836
278,16,847
279,16,862
280,16,873
281,16,880
282,16,925
283,16,928
284,16,933
285,16,950
286,17,278
287,17,317
288,17,359
289,17,374
290,17,379
291,17,401
292,17,411
293,17,432
294,17,441
295,18,278
296,18,286
297,18,317
298,18,368
299,18,374
300,18,401
301,18,441
302,18,448
303,18,452
304,18,510
305,18,528
306,19,284
307,19,315
308,19,355
309,19,371
310,19,373
311,19,443
312,19,451
313,19,463
314,19,509
315,19,526
316,19,550
317,19,552
318,20,692
319,20,696
320,20,712
321,20,717
322,20,793
323,20,799
324,20,817
325,20,849
326,20,854
327,20,876
328,21,368
329,21,369
330,21,403
331,21,441
332,21,443
333,21,471
334,21,510
335,21,515
336,21,557
337,21,585
338,21,596
339,22,21
340,22,38
341,22,87
342,22,88
343,22,104
344,22,106
345,22,122
346,22,127
347,22,136
348,22,176
349,22,178
350,22,191
351,22,248
352,22,260
353,22,268
354,23,11
355,23,16
356,23,20
357,23,29
358,23,34
359,23,63
360,23,68
361,23,78
362,23,110
363,23,117
364,23,121
365,23,140
366,23,145
367,23,149
368,23,173
369,23,207
370,23,225
371,23,228
372,23,229
373,23,234
374,24,354
375,24,396
376,24,407
377,24,412
378,24,429
379,24,521
380,24,526
381,24,536
382,24,540
383,24,550
384,25,296
385,25,306
386,25,326
387,25,343
388,25,381
389,25,391
390,25,443
391,25,452
392,25,469
393,25,474
394,25,495
395,25,567
396,25,570
397,25,601
398,26,282
399,26,385
400,26,437
401,26,460
402,26,461
403,26,471
404,26,522
405,26,523
406,26,536
407,26,539
408,26,546
409,27,624
410,27,637
411,27,651
412,27,664
413,27,666
414,27,678
415,27,711
416,27,720
417,27,747
418,27,748
419,27,756
420,27,764
421,27,766
422,27,798
423,27,801
424,27,813
425,27,835
426,27,846
427,27,848
428,27,861
429,27,863
430,27,874
431,27,877
432,27,931
433,27,943
434,27,951
435,28,297
436,28,303
437,28,323
438,28,385
439,28,412
440,28,431
441,28,440
442,28,443
443,28,536
444,28,540
445,28,552
446,29,45
447,29,47
448,29,59
449,29,61
450,29,98
451,29,99
452,29,104
453,29,108
454,29,115
455,29,134
456,29,170
457,29,210
458,29,218
459,29,235
460,29,241
461,30,660
462,30,661
463,30,668
464,30,673
465,30,694
466,30,703
467,30,714
468,30,719
469,30,744
470,30,752
471,30,759
472,30,785
473,30,812
474,30,827
475,30,832
476,30,867
477,30,872
478,30,878
479,30,906
480,30,907
481,30,937
482,30,945
483,30,954
484,31,644
485,31,651
486,31,669
487,31,678
488,31,707
489,31,720
490,31,740
491,31,758
492,31,767
493,31,782
494,31,786
495,31,838
496,31,846
497,31,863
498,31,871
499,31,879
500,31,912
501,32,632
502,32,637
503,32,659
504,32,664
505,32,666
506,32,672
507,32,680
508,32,737
509,32,759
510,32,766
511,32,781
512,32,788
513,32,792
514,32,806
515,32,822
516,32,829
517,32,835
518,32,841
519,32,877
520,32,905
521,32,910
522,32,913
523,33,321
524,33,329
525,33,339
526,33,360
527,33,366
528,33,407
529,33,417
530,33,422
531,33,471
532,33,502
533,34,622
534,34,628
535,34,649
536,34,655
537,34,704
538,34,745
539,34,751
540,34,758
541,34,765
542,34,777
543,34,816
544,34,881
545,34,895
546,34,901
547,35,34
548,35,35
549,35,44
550,35,49
551,35,58
552,35,63
553,35,76
554,35,110
555,35,120
556,35,124
557,35,140
558,35,145
559,35,152
560,35,171
561,35,175
562,35,188
563,35,198
564,35,213
565,35,220
566,35,234
567,35,238
568,36,644
569,36,649
570,36,686
571,36,707
572,36,708
573,36,734
574,36,820
575,36,821
576,36,849
577,36,850
578,36,880
579,36,916
580,36,924
581,36,928
582,37,42
583,37,52
584,37,56
585,37,66
586,37,71
587,37,109
588,37,129
589,37,138
590,37,164
591,37,166
592,37,226
593,37,227
594,37,232
595,37,237
596,38,2
597,38,3
598,38,13
599,38,23
600,38,41
601,38,43
602,38,45
603,38,57
604,38,59
605,38,80
606,38,84
607,38,109
608,38,137
609,38,143
610,38,147
611,38,219
612,38,224
613,38,231
614,38,241
615,38,249
616,38,251
617,38,257
618,39,278
619,39,286
620,39,356
621,39,414
622,39,430
623,39,472
624,39,478
625,39,494
626,39,541
627,39,553
628,40,272
629,40,355
630,40,381
631,40,471
632,40,479
633,40,485
634,40,504
635,41,275
636,41,298
637,41,303
638,41,328
639,41,338
640,41,437
641,41,471
642,42,1
643,42,7
644,42,18
645,42,57
646,42,61
647,42,104
648,42,136
649,42,167
650,42,179
651,42,181
652,42,191
653,42,201
654,42,210
655,42,217
656,43,15
657,43,16
658,43,20
659,43,49
660,43,54
661,43,77
662,43,82
663,43,89
664,43,90
665,43,109
666,43,117
667,43,125
668,43,141
669,43,145
670,43,153
671,43,172
672,43,225
673,43,228
674,43,229
675,43,239
676,44,6
677,44,16
678,44,17
679,44,18
680,44,32
681,44,34
682,44,40
683,44,44
684,44,49
685,44,53
686,44,75
687,44,76
688,44,82
689,44,85
690,44,91
691,44,106
692,44,110
693,44,117
694,44,120
695,44,126
696,44,135
697,44,141
698,44,170
699,44,171
700,44,176
701,44,181
702,44,188
703,44,198
704,44,204
705,44,205
706,44,234
707,44,236
708,44,238
709,45,297
710,45,308
711,45,309
712,45,315
713,45,317
714,45,443
715,45,444
716,45,471
717,45,472
718,45,503
719,45,504
720,45,536
721,45,537
722,46,92
723,46,96
724,46,98
725,46,106
726,46,109
727,46,123
728,46,127
729,46,133
730,46,135
731,46,137
732,46,178
733,46,183
734,46,191
735,46,193
736,46,199
737,46,202
738,46,211
739,46,217
740,46,218
741,46,246
742,46,251
743,46,268
744,47,83
745,47,92
746,47,104
747,47,106
748,47,146
749,47,155
750,47,167
751,47,180
752,47,186
753,47,192
754,47,201
755,47,214
756,47,224
757,48,32
758,48,58
759,48,59
760,48,76
761,48,89
762,48,98
763,48,102
764,48,140
765,48,152
766,48,161
767,48,171
768,48,181
769,48,188
770,48,193
771,48,205
772,48,238
773,48,241
774,48,242
775,48,246
776,48,262
777,49,281
778,49,284
779,49,302
780,49,308
781,49,311
782,49,471
783,49,472
784,49,504
785,49,505
786,49,537
787,49,542
788,49,546
789,49,551
790,50,11
791,50,14
792,50,19
793,50,22
794,50,26
795,50,42
796,50,45
797,50,59
798,50,93
799,50,98
800,50,132
801,50,133
802,50,156
803,50,161
804,50,166
805,50,180
806,50,193
807,50,194
808,50,233
809,50,241
810,51,8
811,51,10
812,51,18
813,51,21
814,51,32
815,51,74
816,51,108
817,51,122
818,51,124
819,51,178
820,51,186
821,51,203
822,51,209
823,51,220
824,51,232
825,51,238
826,51,262
827,51,268
828,52,21
829,52,23
830,52,40
831,52,59
832,52,61
833,52,62
834,52,70
835,52,77
836,52,102
837,52,104
838,52,106
839,52,109
840,52,135
841,52,137
842,52,165
843,52,172
844,52,176
845,52,177
846,52,178
847,52,184
848,52,209
849,52,219
850,52,223
851,52,232
852,52,239
853,52,240
854,52,250
855,52,257
856,52,260
857,52,268
858,53,273
859,53,408
860,53,426
861,53,433
862,53,442
863,53,515
864,53,533
865,53,535
866,53,548
867,53,554
868,54,24
869,54,34
870,54,40
871,54,62
872,54,63
873,54,66
874,54,71
875,54,76
876,54,108
877,54,110
878,54,138
879,54,141
880,54,145
881,54,154
882,54,164
883,54,183
884,54,184
885,54,186
886,54,198
887,54,200
888,54,205
889,54,213
890,54,223
891,54,226
892,54,245
893,54,249
894,54,250
895,54,264
896,55,7
897,55,11
898,55,12
899,55,75
900,55,104
901,55,108
902,55,170
903,55,204
904,55,210
905,55,213
906,55,233
907,55,235
908,55,255
909,55,256
910,55,267
911,56,295
912,56,307
913,56,319
914,56,436
915,56,442
916,56,470
917,56,500
918,56,517
919,56,525
920,56,559
921,56,575
922,57,633
923,57,635
924,57,681
925,57,699
926,57,717
927,57,719
928,57,793
929,57,795
930,57,830
931,57,832
932,57,849
933,57,856
934,57,867
935,57,906
936,57,908
937,57,914
938,57,948
939,58,284
940,58,315
941,58,390
942,58,403
943,58,421
944,58,432
945,58,443
946,58,545
947,58,553
948,59,613
949,59,636
950,59,683
951,59,732
952,59,739
953,59,771
954,59,776
955,59,778
956,59,788
957,59,849
958,59,852
959,59,881
960,59,886
961,59,909
962,59,919
963,59,921
964,59,938
965,59,953
966,60,9
967,60,11
968,60,15
969,60,22
970,60,24
971,60,103
972,60,108
973,60,129
974,60,132
975,60,156
976,60,164
977,60,187
978,60,194
979,60,195
980,60,200
981,60,226
982,60,227
983,60,256
984,60,264
985,60,266
986,61,272
987,61,323
988,61,355
989,61,440
990,61,536
991,62,624
992,62,635
993,62,651
994,62,662
995,62,671
996,62,678
997,62,690
998,62,725
999,62,793
1000,62,801
1001,62,813
1002,62,828
1003,62,830
1004,62,840
1005,62,846
1006,62,849
1007,62,861
1008,62,863
1009,62,869
1010,62,897
1011,62,908
1012,62,913
1013,62,955
1014,63,3
1015,63,11
1016,63,17
1017,63,76
1018,63,102
1019,63,110
1020,63,124
1021,63,127
1022,63,140
1023,63,171
1024,63,183
1025,63,188
1026,63,194
1027,63,205
1028,63,217
1029,63,220
1030,63,230
1031,63,238
1032,63,248
1033,63,256
1034,63,262
1035,64,662
1036,64,663
1037,64,671
1038,64,678
1039,64,690
1040,64,725
1041,64,813
1042,64,829
1043,64,830
1044,64,877
1045,65,24
1046,65,40
1047,65,52
1048,65,53
1049,65,66
1050,65,67
1051,65,74
1052,65,91
1053,65,101
1054,65,103
1055,65,169
1056,65,176
1057,65,186
1058,65,191
1059,65,203
1060,65,251
1061,65,260
1062,65,264
1063,66,44
1064,66,47
1065,66,58
1066,66,61
1067,66,89
1068,66,100
1069,66,103
1070,66,108
1071,66,122
1072,66,124
1073,66,138
1074,66,178
1075,66,188
1076,66,195
1077,66,209
1078,66,220
1079,67,317
1080,67,336
1081,67,345
1082,67,352
1083,67,362
1084,67,372
1085,67,392
1086,67,441
1087,67,446
1088,67,468
1089,67,551
1090,67,541
1091,68,271
1092,68,323
1093,68,355
1094,68,407
1095,68,540
1096,68,546
1097,69,627
1098,69,637
1099,69,666
1100,69,669
1101,69,698
1102,69,712
1103,69,792
1104,69,799
1105,69,835
1106,69,838
1107,69,848
1108,69,853
1109,69,877
1110,69,913
1111,70,283
1112,70,320
1113,70,357
1114,70,386
1115,70,436
1116,70,496
1117,70,498
1118,70,518
1119,70,534
1120,70,575
1121,70,605
1122,71,612
1123,71,613
1124,71,639
1125,71,640
1126,71,693
1127,71,702
1128,71,708
1129,71,718
1130,71,749
1131,71,755
1132,71,764
1133,71,782
1134,71,790
1135,71,821
1136,71,830
1137,71,849
1138,71,859
1139,71,864
1140,71,873
1141,71,938
1142,71,944
1143,71,952
1144,72,631
1145,72,635
1146,72,690
1147,72,698
1148,72,717
1149,72,718
1150,72,725
1151,72,736
1152,72,747
1153,72,756
1154,72,760
1155,72,789
1156,72,793
1157,72,797
1158,72,813
1159,72,904
1160,72,908
1161,72,922
1162,72,929
1163,72,955
1164,73,43
1165,73,47
1166,73,84
1167,73,87
1168,73,119
1169,73,134
1170,73,136
1171,73,167
1172,73,201
1173,73,215
1174,73,224
1175,73,250
1176,73,267
1177,73,270
1178,74,296
1179,74,303
1180,74,381
1181,74,391
1182,74,471
1183,74,503
1184,75,389
1185,75,406
1186,75,472
1187,75,517
1188,75,523
1189,75,537
1190,75,538
1191,75,539
1192,75,572
1193,75,598
1194,76,692
1195,76,701
1196,76,707
1197,76,711
1198,76,741
1199,76,746
1200,76,756
1201,76,760
1202,76,763
1203,76,798
1204,76,805
1205,76,825
1206,76,829
1207,76,835
1208,76,838
1209,76,876
1210,76,899
1211,76,910
1212,76,916
1213,76,925
1214,76,931
1215,76,951
1216,77,286
1217,77,296
1218,77,311
1219,77,391
1220,77,403
1221,77,427
1222,77,431
1223,77,471
1224,78,323
1225,78,361
1226,78,369
1227,78,385
1228,78,443
1229,78,521
1230,78,522
1231,79,335
1232,79,338
1233,79,381
1234,79,443
1235,79,452
1236,79,460
1237,79,539
1238,79,547
1239,80,671
1240,80,674
1241,80,698
1242,80,710
1243,80,717
1244,80,725
1245,80,738
1246,80,750
1247,80,755
1248,80,761
1249,80,776
1250,80,813
1251,80,840
1252,80,843
1253,80,891
1254,80,908
1255,80,913
1256,80,955
1257,81,624
1258,81,626
1259,81,651
1260,81,653
1261,81,669
1262,81,678
1263,81,712
1264,81,720
1265,81,728
1266,81,802
1267,81,805
1268,81,818
1269,81,825
1270,81,833
1271,81,838
1272,81,846
1273,81,879
1274,81,897
1275,81,899
1276,81,939
1277,81,943
1278,81,948
1279,82,622
1280,82,628
1281,82,666
1282,82,667
1283,82,680
1284,82,696
1285,82,708
1286,82,712
1287,82,729
1288,82,758
1289,82,771
1290,82,781
1291,82,785
1292,82,786
1293,82,813
1294,82,821
1295,82,824
1296,82,835
1297,82,836
1298,82,873
1299,82,874
1300,82,876
1301,82,931
1302,82,944
1303,82,951
1304,83,632
1305,83,633
1306,83,672
1307,83,673
1308,83,687
1309,83,709
1310,83,719
1311,83,742
1312,83,748
1313,83,777
1314,83,788
1315,83,795
1316,83,806
1317,83,812
1318,83,841
1319,83,842
1320,83,855
1321,83,856
1322,83,882
1323,83,905
1324,83,906
1325,83,918
1326,84,693
1327,84,713
1328,84,714
1329,84,723
1330,84,800
1331,84,803
1332,84,826
1333,84,827
1334,84,836
1335,84,837
1336,84,882
1337,85,642
1338,85,658
1339,85,683
1340,85,704
1341,85,718
1342,85,720
1343,85,732
1344,85,752
1345,85,763
1346,85,783
1347,85,785
1348,85,788
1349,85,797
1350,85,801
1351,85,845
1352,85,846
1353,85,852
1354,85,861
1355,85,863
1356,85,864
1357,85,881
1358,85,888
1359,85,904
1360,85,919
1361,86,5
1362,86,7
1363,86,8
1364,86,75
1365,86,122
1366,86,130
1367,86,135
1368,86,158
1369,86,162
1370,86,170
1371,86,175
1372,86,178
1373,86,179
1374,86,204
1375,86,235
1376,86,236
1377,87,613
1378,87,626
1379,87,640
1380,87,653
1381,87,669
1382,87,677
1383,87,692
1384,87,701
1385,87,734
1386,87,741
1387,87,745
1388,87,754
1389,87,771
1390,87,787
1391,87,797
1392,87,805
1393,87,838
1394,87,845
1395,87,876
1396,87,886
1397,87,899
1398,87,916
1399,87,925
1400,87,938
1401,88,4
1402,88,5
1403,88,11
1404,88,62
1405,88,67
1406,88,104
1407,88,158
1408,88,159
1409,88,175
1410,88,184
1411,88,194
1412,88,211
1413,88,216
1414,88,236
1415,88,240
1416,88,250
1417,88,256
1418,88,259
1419,89,279
1420,89,371
1421,89,376
1422,89,429
1423,89,434
1424,89,472
1425,89,550
1426,89,555
1427,89,559
1428,89,576
1429,89,591
1430,90,37
1431,90,40
1432,90,88
1433,90,91
1434,90,104
1435,90,123
1436,90,126
1437,90,165
1438,90,176
1439,90,183
1440,90,198
1441,90,199
1442,90,245
1443,90,249
1444,90,260
1445,91,286
1446,91,392
1447,91,414
1448,91,422
1449,91,472
1450,91,537
1451,92,671
1452,92,679
1453,92,700
1454,92,715
1455,92,717
1456,92,733
1457,92,735
1458,92,745
1459,92,761
1460,92,770
1461,92,787
1462,92,793
1463,92,807
1464,92,887
1465,92,908
1466,92,915
1467,92,922
1468,92,933
1469,92,950
1470,93,626
1471,93,633
1472,93,669
1473,93,673
1474,93,692
1475,93,707
1476,93,719
1477,93,725
1478,93,734
1479,93,795
1480,93,805
1481,93,817
1482,93,825
1483,93,832
1484,93,842
1485,93,876
1486,93,899
1487,93,906
1488,93,916
1489,94,315
1490,94,471
1491,94,504
1492,94,536
1493,94,545
1494,94,553
1495,94,601
1496,94,604
1497,94,606
1498,95,304
1499,95,309
1500,95,358
1501,95,405
1502,95,414
1503,95,424
1504,95,437
1505,95,442
1506,95,518
1507,95,530
1508,96,322
1509,96,336
1510,96,347
1511,96,405
1512,96,415
1513,96,430
1514,96,520
1515,96,531
1516,96,561
1517,96,567
1518,96,607
1519,97,43
1520,97,57
1521,97,66
1522,97,71
1523,97,84
1524,97,94
1525,97,103
1526,97,138
1527,97,147
1528,97,157
1529,97,166
1530,97,224
1531,97,226
1532,98,15
1533,98,17
1534,98,18
1535,98,32
1536,98,35
1537,98,58
1538,98,63
1539,98,85
1540,98,89
1541,98,110
1542,98,120
1543,98,124
1544,98,141
1545,98,148
1546,98,152
1547,98,171
1548,98,213
1549,98,220
1550,98,234
1551,98,238
1552,98,242
1553,98,254
1554,98,266
1555,99,291
1556,99,302
1557,99,328
1558,99,331
1559,99,386
1560,99,436
1561,99,442
1562,99,546
1563,99,549
1564,100,301
1565,100,303
1566,100,316
1567,100,381
1568,100,441
1569,100,477
1570,100,487
1571,100,556
1572,100,582
1573,100,586
1574,101,10
1575,101,11
1576,101,18
1577,101,44
1578,101,52
1579,101,58
1580,101,66
1581,101,74
1582,101,103
1583,101,108
1584,101,139
1585,101,181
1586,101,186
1587,101,194
1588,101,232
1589,101,234
1590,101,242
1591,101,256
1592,101,269
1593,102,296
1594,102,305
1595,102,441
1596,102,443
1597,102,503
1598,102,521
1599,102,510
1600,102,550
1601,102,552
1602,102,567
1603,102,585
1604,102,591
1605,103,47
1606,103,53
1607,103,61
1608,103,67
1609,103,75
1610,103,104
1611,103,123
1612,103,130
1613,103,158
1614,103,162
1615,103,170
1616,103,175
1617,103,179
1618,103,184
1619,103,249
1620,103,258
1621,103,259
1622,104,29
1623,104,36
1624,104,53
1625,104,54
1626,104,67
1627,104,68
1628,104,75
1629,104,108
1630,104,121
1631,104,126
1632,104,135
1633,104,204
1634,104,229
1635,104,236
1636,105,658
1637,105,659
1638,105,687
1639,105,709
1640,105,718
1641,105,727
1642,105,797
1643,105,806
1644,105,812
1645,105,841
1646,105,845
1647,105,852
1648,105,855
1649,105,864
1650,105,868
1651,105,904
1652,105,905
1653,105,952
1654,106,47
1655,106,54
1656,106,61
1657,106,68
1658,106,103
1659,106,108
1660,106,121
1661,106,122
1662,106,139
1663,106,209
1664,106,228
1665,106,229
1666,106,232
1667,106,244
1668,106,267
1669,106,268
1670,107,667
1671,107,678
1672,107,693
1673,107,704
1674,107,708
1675,107,720
1676,107,738
1677,107,751
1678,107,760
1679,107,763
1680,107,789
1681,107,821
1682,107,828
1683,107,881
1684,107,895
1685,107,897
1686,107,919
1687,108,3
1688,108,14
1689,108,20
1690,108,53
1691,108,54
1692,108,59
1693,108,68
1694,108,78
1695,108,86
1696,108,98
1697,108,110
1698,108,115
1699,108,121
1700,108,140
1701,108,149
1702,108,161
1703,108,183
1704,108,193
1705,108,196
1706,108,207
1707,108,229
1708,108,241
1709,109,1
1710,109,9
1711,109,13
1712,109,57
1713,109,59
1714,109,72
1715,109,125
1716,109,127
1717,109,136
1718,109,143
1719,109,155
1720,109,177
1721,109,187
1722,109,191
1723,109,217
1724,109,219
1725,110,641
1726,110,655
1727,110,666
1728,110,679
1729,110,696
1730,110,729
1731,110,745
1732,110,754
1733,110,757
1734,110,760
1735,110,776
1736,110,798
1737,110,807
1738,110,813
1739,110,823
1740,110,824
1741,110,862
1742,110,874
1743,110,887
1744,110,901
1745,110,911
1746,110,951
1747,111,12
1748,111,13
1749,111,20
1750,111,42
1751,111,54
1752,111,73
1753,111,86
1754,111,93
1755,111,103
1756,111,109
1757,111,121
1758,111,132
1759,111,202
1760,111,229
1761,111,233
1762,111,247
1763,111,255
1764,111,263
1765,112,3
1766,112,13
1767,112,16
1768,112,45
1769,112,49
1770,112,63
1771,112,80
1772,112,82
1773,112,102
1774,112,110
1775,112,117
1776,112,125
1777,112,143
1778,112,145
1779,112,171
1780,112,205
1781,112,234
1782,112,241
1783,113,389
1784,113,410
1785,113,420
1786,113,438
1787,113,464
1788,113,469
1789,113,537
1790,114,651
1791,114,656
1792,114,664
1793,114,666
1794,114,672
1795,114,678
1796,114,697
1797,114,702
1798,114,711
1799,114,713
1800,114,720
1801,114,723
1802,114,728
1803,114,848
1804,114,850
1805,114,860
1806,114,863
1807,114,868
1808,114,874
1809,115,284
1810,115,286
1811,115,361
1812,115,366
1813,115,367
1814,115,381
1815,115,385
1816,115,443
1817,115,444
1818,115,454
1819,115,455
1820,115,459
1821,115,476
1822,115,477
1823,115,486
1824,115,512
1825,115,513
1826,115,521
1827,115,536
1828,115,537
1829,116,639
1830,116,646
1831,116,667
1832,116,679
1833,116,702
1834,116,710
1835,116,713
1836,116,812
1837,116,823
1838,116,826
1839,116,850
1840,116,857
1841,116,862
1842,116,873
1843,116,885
1844,116,892
1845,116,952
1846,117,318
1847,117,368
1848,117,369
1849,117,393
1850,117,470
1851,117,515
1852,117,519
1853,117,587
1854,117,590
1855,117,596
1856,118,274
1857,118,284
1858,118,315
1859,118,414
1860,118,421
1861,118,440
1862,118,448
1863,118,451
1864,118,536
1865,119,690
1866,119,698
1867,119,717
1868,119,720
1869,119,725
1870,119,736
1871,119,740
1872,119,776
1873,119,782
1874,119,789
1875,119,793
1876,119,802
1877,119,813
1878,119,840
1879,119,846
1880,119,877
1881,119,896
1882,119,908
1883,119,922
1884,119,942
1885,120,284
1886,120,325
1887,120,333
1888,120,403
1889,120,471
1890,120,509
1891,120,517
1892,121,626
1893,121,633
1894,121,653
1895,121,660
1896,121,669
1897,121,673
1898,121,686
1899,121,701
1900,121,707
1901,121,719
1902,121,838
1903,121,842
1904,121,876
1905,121,916
1906,121,925
1907,121,941
1908,121,949
1909,122,5
1910,122,14
1911,122,18
1912,122,26
1913,122,32
1914,122,58
1915,122,59
1916,122,76
1917,122,85
1918,122,98
1919,122,115
1920,122,124
1921,122,141
1922,122,148
1923,122,161
1924,122,171
1925,122,175
1926,122,181
1927,122,193
1928,122,218
1929,122,220
1930,122,234
1931,122,238
1932,123,653
1933,123,661
1934,123,668
1935,123,669
1936,123,691
1937,123,699
1938,123,712
1939,123,714
1940,123,724
1941,123,738
1942,123,739
1943,123,742
1944,123,743
1945,123,766
1946,123,800
1947,123,805
1948,123,825
1949,123,827
1950,123,837
1951,123,838
1952,123,871
1953,123,872
1954,123,878
1955,123,914
1956,123,936
1957,123,939
1958,124,612
1959,124,632
1960,124,639
1961,124,659
1962,124,687
1963,124,703
1964,124,727
1965,124,822
1966,124,826
1967,124,885
1968,124,905
1969,124,918
1970,124,952
1971,125,6
1972,125,10
1973,125,19
1974,125,24
1975,125,35
1976,125,52
1977,125,54
1978,125,66
1979,125,68
1980,125,118
1981,125,129
1982,125,138
1983,125,146
1984,125,164
1985,125,169
1986,125,209
1987,125,214
1988,125,259
1989,125,263
1990,125,264
1991,126,14
1992,126,18
1993,126,19
1994,126,45
1995,126,54
1996,126,73
1997,126,109
1998,126,118
1999,126,133
2000,126,137
2001,126,146
2002,126,160
2003,126,168
2004,126,180
2005,126,181
2006,126,193
2007,126,212
2008,126,214
2009,126,229
2010,126,233
2011,127,642
2012,127,662
2013,127,671
2014,127,679
2015,127,690
2016,127,715
2017,127,717
2018,127,813
2019,127,828
2020,127,830
2021,127,862
2022,127,869
2023,127,955
2024,128,669
2025,128,679
2026,128,685
2027,128,707
2028,128,715
2029,128,814
2030,128,825
2031,128,828
2032,128,838
2033,128,847
2034,128,879
2035,128,888
2036,128,899
2037,128,950
2038,129,279
2039,129,406
2040,129,472
2041,129,538
2042,129,543
2043,129,560
2044,129,591
2045,129,600
2046,130,358
2047,130,383
2048,130,437
2049,130,442
2050,130,479
2051,130,485
2052,130,543
2053,130,552
2054,131,619
2055,131,637
2056,131,646
2057,131,664
2058,131,666
2059,131,679
2060,131,680
2061,131,711
2062,131,715
2063,131,729
2064,131,746
2065,131,748
2066,131,756
2067,131,758
2068,131,777
2069,131,798
2070,131,807
2071,131,835
2072,131,847
2073,131,931
2074,131,932
2075,132,275
2076,132,284
2077,132,337
2078,132,341
2079,132,354
2080,132,385
2081,132,471
2082,132,521
2083,132,525
2084,133,1
2085,133,8
2086,133,13
2087,133,80
2088,133,100
2089,133,103
2090,133,108
2091,133,122
2092,133,125
2093,133,169
2094,133,177
2095,133,178
2096,133,191
2097,133,203
2098,133,209
2099,133,219
2100,134,336
2101,134,340
2102,134,388
2103,134,444
2104,134,445
2105,134,467
2106,134,472
2107,134,537
2108,134,541
2109,134,549
2110,135,619
2111,135,625
2112,135,646
2113,135,652
2114,135,668
2115,135,674
2116,135,700
2117,135,800
2118,135,808
2119,135,814
2120,135,820
2121,135,827
2122,135,851
2123,135,858
2124,135,866
2125,135,872
2126,135,915
2127,135,949
2128,136,273
2129,136,357
2130,136,417
2131,136,433
2132,136,470
2133,136,481
2134,136,497
2135,136,522
2136,136,533
2137,136,539
2138,136,554
2139,136,557
2140,136,585
2141,136,597
2142,137,14
2143,137,15
2144,137,16
2145,137,26
2146,137,27
2147,137,45
2148,137,49
2149,137,59
2150,137,63
2151,137,77
2152,137,90
2153,137,97
2154,137,117
2155,137,125
2156,137,141
2157,137,153
2158,137,161
2159,137,172
2160,137,239
2161,137,241
2162,138,381
2163,138,440
2164,138,471
2165,138,481
2166,138,486
2167,138,572
2168,138,599
2169,138,602
2170,139,617
2171,139,629
2172,139,672
2173,139,674
2174,139,702
2175,139,707
2176,139,713
2177,139,723
2178,139,737
2179,139,740
2180,139,742
2181,139,770
2182,139,790
2183,139,796
2184,139,805
2185,139,825
2186,139,826
2187,139,841
2188,139,843
2189,139,882
2190,139,890
2191,139,902
2192,140,295
2193,140,296
2194,140,356
2195,140,440
2196,140,504
2197,140,509
2198,140,534
2199,140,552
2200,140,555
2201,141,627
2202,141,631
2203,141,654
2204,141,658
2205,141,696
2206,141,738
2207,141,758
2208,141,771
2209,141,775
2210,141,789
2211,141,797
2212,141,799
2213,141,852
2214,141,853
2215,141,864
2216,141,871
2217,142,673
2218,142,677
2219,142,704
2220,142,732
2221,142,842
2222,142,845
2223,142,864
2224,142,867
2225,142,881
2226,142,919
2227,142,929
2228,142,945
2229,142,953
2230,143,282
2231,143,333
2232,143,347
2233,143,358
2234,143,364
2235,143,397
2236,143,479
2237,143,484
2238,143,579
2239,144,75
2240,144,104
2241,144,117
2242,144,126
2243,144,170
2244,144,176
2245,144,188
2246,144,195
2247,144,205
2248,144,216
2249,144,225
2250,144,239
2251,144,240
2252,144,260
2253,144,262
2254,145,275
2255,145,282
2256,145,396
2257,145,407
2258,145,443
2259,145,465
2260,145,471
2261,145,502
2262,146,691
2263,146,707
2264,146,714
2265,146,724
2266,146,800
2267,146,818
2268,146,838
2269,146,842
2270,146,878
2271,146,898
2272,146,899
2273,146,914
2274,146,925
2275,146,945
2276,146,954
2277,147,612
2278,147,619
2279,147,693
2280,147,702
2281,147,710
2282,147,713
2283,147,723
2284,147,823
2285,147,826
2286,147,850
2287,147,857
2288,147,885
2289,147,892
2290,147,917
2291,147,923
2292,147,944
2293,147,952
2294,148,701
2295,148,707
2296,148,712
2297,148,740
2298,148,742
2299,148,749
2300,148,776
2301,148,785
2302,148,838
2303,148,843
2304,148,853
2305,148,854
2306,148,866
2307,148,871
2308,148,882
2309,148,890
2310,148,900
2311,148,916
2312,148,925
2313,148,940
2314,149,617
2315,149,624
2316,149,674
2317,149,678
2318,149,701
2319,149,707
2320,149,720
2321,149,757
2322,149,759
2323,149,764
2324,149,771
2325,149,785
2326,149,802
2327,149,804
2328,149,817
2329,149,843
2330,149,846
2331,149,854
2332,149,860
2333,149,890
2334,149,897
2335,149,916
2336,149,924
2337,149,943
2338,149,949
2339,150,320
2340,150,329
2341,150,349
2342,150,386
2343,150,436
2344,150,442
2345,150,500
2346,150,513
2347,150,533
2348,151,632
2349,151,634
2350,151,659
2351,151,661
2352,151,703
2353,151,713
2354,151,714
2355,151,727
2356,151,794
2357,151,796
2358,151,812
2359,151,837
2360,151,841
2361,151,851
2362,151,855
2363,151,868
2364,151,872
2365,151,878
2366,151,905
2367,151,907
2368,151,935
2369,151,937
2370,151,954
2371,152,291
2372,152,300
2373,152,340
2374,152,348
2375,152,394
2376,152,442
2377,152,445
2378,152,456
2379,152,480
2380,152,499
2381,152,524
2382,152,532
2383,152,535
2384,153,619
2385,153,623
2386,153,673
2387,153,679
2388,153,681
2389,153,699
2390,153,724
2391,153,842
2392,153,847
2393,153,857
2394,153,860
2395,153,862
2396,153,867
2397,153,892
2398,153,896
2399,154,1
2400,154,3
2401,154,12
2402,154,42
2403,154,43
2404,154,56
2405,154,57
2406,154,73
2407,154,103
2408,154,109
2409,154,183
2410,154,185
2411,154,191
2412,154,202
2413,154,212
2414,154,217
2415,154,248
2416,154,251
2417,154,255
2418,155,686
2419,155,707
2420,155,711
2421,155,734
2422,155,737
2423,155,757
2424,155,759
2425,155,779
2426,155,786
2427,155,835
2428,155,843
2429,155,848
2430,155,854
2431,155,876
2432,155,890
2433,155,910
2434,155,916
2435,155,949
2436,156,24
2437,156,25
2438,156,42
2439,156,52
2440,156,103
2441,156,129
2442,156,132
2443,156,138
2444,156,156
2445,156,164
2446,156,166
2447,156,178
2448,156,186
2449,156,194
2450,156,226
2451,156,227
2452,156,256
2453,156,264
2454,156,268
2455,157,614
2456,157,616
2457,157,641
2458,157,643
2459,157,672
2460,157,679
2461,157,694
2462,157,709
2463,157,715
2464,157,727
2465,157,735
2466,157,736
2467,157,744
2468,157,783
2469,157,841
2470,157,847
2471,157,855
2472,157,861
2473,157,862
2474,157,868
2475,157,882
2476,157,918
2477,157,927
2478,157,933
2479,157,954
2480,158,29
2481,158,32
2482,158,44
2483,158,54
2484,158,58
2485,158,68
2486,158,76
2487,158,110
2488,158,121
2489,158,141
2490,158,148
2491,158,149
2492,158,171
2493,158,188
2494,158,192
2495,158,196
2496,158,205
2497,158,220
2498,158,228
2499,159,6
2500,159,10
2501,159,14
2502,159,24
2503,159,26
2504,159,59
2505,159,66
2506,159,98
2507,159,100
2508,159,115
2509,159,129
2510,159,161
2511,159,163
2512,159,168
2513,159,202
2514,159,209
2515,159,218
2516,159,232
2517,159,241
2518,160,323
2519,160,328
2520,160,336
2521,160,362
2522,160,367
2523,160,440
2524,160,471
2525,160,504
2526,160,512
2527,160,520
2528,161,2
2529,161,10
2530,161,12
2531,161,72
2532,161,84
2533,161,93
2534,161,104
2535,161,185
2536,161,186
2537,161,192
2538,161,201
2539,161,231
2540,161,233
2541,161,251
2542,161,255
2543,161,269
2544,162,274
2545,162,325
2546,162,328
2547,162,403
2548,162,443
2549,162,583
2550,162,600
2551,162,609
2552,163,286
2553,163,432
2554,163,433
2555,163,444
2556,163,447
2557,163,457
2558,163,472
2559,163,503
2560,163,518
2561,163,533
2562,164,303
2563,164,306
2564,164,384
2565,164,389
2566,164,454
2567,164,469
2568,164,472
2569,165,43
2570,165,47
2571,165,84
2572,165,100
2573,165,119
2574,165,122
2575,165,139
2576,165,147
2577,165,163
2578,165,169
2579,165,178
2580,165,191
2581,165,192
2582,165,203
2583,165,231
2584,165,232
2585,166,613
2586,166,618
2587,166,674
2588,166,677
2589,166,686
2590,166,707
2591,166,718
2592,166,734
2593,166,742
2594,166,757
2595,166,760
2596,166,771
2597,166,778
2598,166,797
2599,166,804
2600,166,817
2601,166,852
2602,166,858
2603,166,886
2604,166,891
2605,166,916
2606,166,924
2607,166,938
2608,166,949
2609,167,381
2610,167,390
2611,167,403
2612,167,440
2613,167,450
2614,167,459
2615,167,504
2616,167,545
2617,167,555
2618,167,559
2619,167,601
2620,167,602
2621,168,279
2622,168,281
2623,168,438
2624,168,505
2625,168,541
2626,168,550
2627,168,577
2628,168,608
2629,168,609
2630,169,613
2631,169,617
2632,169,640
2633,169,644
2634,169,669
2635,169,677
2636,169,734
2637,169,805
2638,169,809
2639,169,817
2640,169,838
2641,169,845
2642,169,852
2643,169,854
2644,169,876
2645,169,916
2646,169,925
2647,169,938
2648,169,949
2649,170,384
2650,170,389
2651,170,406
2652,170,472
2653,170,505
2654,170,509
2655,170,517
2656,170,538
2657,170,552
2658,170,569
2659,170,591
2660,171,612
2661,171,633
2662,171,723
2663,171,795
2664,171,803
2665,171,836
2666,171,842
2667,171,850
2668,171,856
2669,171,867
2670,171,873
2671,171,882
2672,171,917
2673,172,22
2674,172,35
2675,172,42
2676,172,54
2677,172,73
2678,172,83
2679,172,93
2680,172,138
2681,172,146
2682,172,156
2683,172,180
2684,172,184
2685,172,185
2686,172,212
2687,172,214
2688,172,229
2689,172,233
2690,172,249
2691,172,255
2692,172,263
2693,173,299
2694,173,307
2695,173,310
2696,173,359
2697,173,372
2698,173,375
2699,173,386
2700,173,379
2701,173,388
2702,173,395
2703,173,420
2704,173,427
2705,173,433
2706,173,436
2707,173,441
2708,173,464
2709,173,467
2710,173,500
2711,173,503
2712,174,612
2713,174,613
2714,174,617
2715,174,639
2716,174,640
2717,174,644
2718,174,683
2719,174,693
2720,174,836
2721,174,843
2722,174,845
2723,174,864
2724,174,866
2725,174,873
2726,174,876
2727,174,881
2728,174,924
2729,174,938
2730,174,944
2731,174,952
2732,174,953
2733,175,305
2734,175,307
2735,175,309
2736,175,353
2737,175,356
2738,175,443
2739,175,444
2740,175,503
2741,175,505
2742,175,536
2743,175,537
2744,176,274
2745,176,277
2746,176,314
2747,176,316
2748,176,353
2749,176,356
2750,176,403
2751,176,406
2752,176,438
2753,176,440
2754,176,474
2755,176,484
2756,176,495
2757,176,536
2758,176,537
2759,177,24
2760,177,25
2761,177,42
2762,177,52
2763,177,56
2764,177,66
2765,177,74
2766,177,94
2767,177,100
2768,177,128
2769,177,129
2770,177,169
2771,177,186
2772,177,192
2773,177,194
2774,177,203
2775,177,232
2776,177,237
2777,178,3
2778,178,11
2779,178,16
2780,178,42
2781,178,48
2782,178,94
2783,178,96
2784,178,109
2785,178,123
2786,178,128
2787,178,138
2788,178,157
2789,178,159
2790,178,166
2791,178,183
2792,178,194
2793,178,198
2794,178,245
2795,178,249
2796,178,265
2797,179,273
2798,179,386
2799,179,394
2800,179,408
2801,179,430
2802,179,434
2803,179,442
2804,179,470
2805,179,494
2806,179,498
2807,180,5
2808,180,14
2809,180,20
2810,180,45
2811,180,53
2812,180,75
2813,180,95
2814,180,98
2815,180,104
2816,180,115
2817,180,130
2818,180,158
2819,180,161
2820,180,210
2821,180,218
2822,180,236
2823,180,241
2824,181,639
2825,181,658
2826,181,704
2827,181,708
2828,181,718
2829,181,732
2830,181,838
2831,181,845
2832,181,852
2833,181,859
2834,181,881
2835,181,886
2836,181,904
2837,181,919
2838,181,953
2839,182,395
2840,182,436
2841,182,486
2842,182,498
2843,182,513
2844,182,534
2845,182,545
2846,182,555
2847,182,560
2848,182,589
2849,182,602
2850,183,39
2851,183,40
2852,183,47
2853,183,48
2854,183,61
2855,183,62
2856,183,104
2857,183,135
2858,183,199
2859,183,215
2860,183,223
2861,183,235
2862,183,240
2863,184,35
2864,184,36
2865,184,53
2866,184,54
2867,184,75
2868,184,126
2869,184,176
2870,184,180
2871,184,195
2872,184,204
2873,184,214
2874,184,216
2875,184,229
2876,184,236
2877,184,259
2878,184,263
2879,184,266
2880,185,645
2881,185,663
2882,185,671
2883,185,674
2884,185,690
2885,185,698
2886,185,710
2887,185,717
2888,185,793
2889,185,804
2890,185,849
2891,185,858
2892,185,866
2893,185,869
2894,185,891
2895,185,909
2896,185,913
2897,186,23
2898,186,29
2899,186,49
2900,186,54
2901,186,63
2902,186,68
2903,186,80
2904,186,86
2905,186,102
2906,186,109
2907,186,137
2908,186,143
2909,186,149
2910,186,206
2911,186,219
2912,186,228
2913,186,244
2914,186,247
2915,186,270
2916,187,616
2917,187,624
2918,187,643
2919,187,651
2920,187,668
2921,187,678
2922,187,685
2923,187,709
2924,187,720
2925,187,728
2926,187,745
2927,187,763
2928,187,766
2929,187,774
2930,187,784
2931,187,794
2932,187,801
2933,187,863
2934,187,872
2935,187,889
2936,187,897
2937,187,912
2938,187,950
2939,188,629
2940,188,633
2941,188,672
2942,188,673
2943,188,713
2944,188,719
2945,188,826
2946,188,833
2947,188,879
2948,188,902
2949,188,906
2950,188,948
2951,189,645
2952,189,652
2953,189,668
2954,189,674
2955,189,686
2956,189,701
2957,189,734
2958,189,758
2959,189,761
2960,189,764
2961,189,765
2962,189,783
2963,189,800
2964,189,804
2965,189,820
2966,189,832
2967,189,837
2968,189,843
2969,189,880
2970,189,891
2971,189,898
2972,189,916
2973,189,923
2974,189,945
2975,189,949
2976,190,616
2977,190,633
2978,190,643
2979,190,660
2980,190,709
2981,190,719
2982,190,724
2983,190,748
2984,190,754
2985,190,779
2986,190,781
2987,190,784
2988,190,827
2989,190,832
2990,190,837
2991,190,842
2992,190,851
2993,190,856
2994,190,878
2995,190,889
2996,190,906
2997,190,937
2998,190,941
2999,191,12
3000,191,17
3001,191,20
3002,191,22
3003,191,32
3004,191,89
3005,191,93
3006,191,103
3007,191,124
3008,191,132
3009,191,138
3010,191,152
3011,191,156
3012,191,185
3013,191,188
3014,191,196
3015,191,200
3016,191,220
3017,191,227
3018,192,613
3019,192,626
3020,192,629
3021,192,653
3022,192,656
3023,192,640
3024,192,669
3025,192,672
3026,192,677
3027,192,687
3028,192,692
3029,192,701
3030,192,702
3031,192,712
3032,192,713
3033,192,718
3034,192,723
3035,192,734
3036,192,742
3037,192,750
3038,192,756
3039,192,768
3040,192,771
3041,192,774
3042,192,779
3043,192,796
3044,192,805
3045,192,809
3046,192,812
3047,192,817
3048,192,850
3049,192,852
3050,192,854
3051,192,876
3052,192,882
3053,192,951
3054,192,952
3055,193,436
3056,193,441
3057,193,491
3058,193,494
3059,193,497
3060,193,500
3061,193,503
3062,193,520
3063,193,529
3064,193,533
3065,193,541
3066,193,551
3067,193,554
3068,194,639
3069,194,644
3070,194,645
3071,194,667
3072,194,669
3073,194,674
3074,194,686
3075,194,693
3076,194,707
3077,194,708
3078,194,710
3079,194,723
3080,194,734
3081,194,854
3082,194,858
3083,194,859
3084,194,876
3085,194,880
3086,194,916
3087,194,917
3088,194,924
3089,194,925
3090,194,944
3091,195,614
3092,195,632
3093,195,633
3094,195,641
3095,195,659
3096,195,660
3097,195,672
3098,195,673
3099,195,679
3100,195,685
3101,195,687
3102,195,700
3103,195,703
3104,195,727
3105,195,733
3106,195,743
3107,195,744
3108,195,747
3109,195,760
3110,195,781
3111,195,788
3112,195,789
3113,195,812
3114,195,814
3115,195,822
3116,195,828
3117,195,832
3118,195,855
3119,195,856
3120,195,861
3121,195,887
3122,195,906
3123,195,907
3124,195,927
3125,195,933
3126,195,941
3127,196,21
3128,196,34
3129,196,41
3130,196,57
3131,196,58
3132,196,61
3133,196,72
3134,196,76
3135,196,119
3136,196,120
3137,196,122
3138,196,136
3139,196,145
3140,196,147
3141,196,163
3142,196,175
3143,196,178
3144,196,181
3145,196,192
3146,196,242
3147,196,258
3148,196,268
3149,196,270
3150,197,25
3151,197,29
3152,197,42
3153,197,54
3154,197,56
3155,197,68
3156,197,78
3157,197,86
3158,197,94
3159,197,102
3160,197,110
3161,197,121
3162,197,128
3163,197,181
3164,197,194
3165,197,196
3166,197,207
3167,197,227
3168,197,228
3169,197,229
3170,197,237
3171,198,302
3172,198,308
3173,198,398
3174,198,407
3175,198,413
3176,198,415
3177,198,454
3178,198,456
3179,199,1
3180,199,15
3181,199,16
3182,199,23
3183,199,27
3184,199,77
3185,199,80
3186,199,90
3187,199,120
3188,199,125
3189,199,141
3190,199,143
3191,199,153
3192,199,172
3193,199,191
3194,199,195
3195,199,198
3196,199,206
3197,199,219
3198,199,225
3199,200,612
3200,200,616
3201,200,667
3202,200,668
3203,200,723
3204,200,749
3205,200,755
3206,200,760
3207,200,781
3208,200,784
3209,200,794
3210,200,803
3211,200,826
3212,200,827
3213,200,872
3214,200,873
3215,201,312
3216,201,333
3217,201,350
3218,201,359
3219,201,375
3220,201,444
3221,201,472
3222,201,517
3223,201,534
3224,201,537
3225,201,575
3226,201,579
3227,202,1
3228,202,16
3229,202,17
3230,202,32
3231,202,34
3232,202,102
3233,202,110
3234,202,117
3235,202,124
3236,202,141
3237,202,171
3238,202,188
3239,202,191
3240,202,198
3241,202,205
3242,202,213
3243,202,220
3244,202,245
3245,202,251
3246,202,262
3247,203,272
3248,203,284
3249,203,302
3250,203,303
3251,203,355
3252,203,440
3253,204,646
3254,204,658
3255,204,704
3256,204,732
3257,204,759
3258,204,762
3259,204,778
3260,204,786
3261,204,789
3262,204,797
3263,204,808
3264,204,823
3265,204,831
3266,204,845
3267,204,847
3268,204,852
3269,204,857
3270,204,862
3271,204,864
3272,204,881
3273,204,892
3274,204,904
3275,204,919
3276,204,929
3277,204,932
3278,204,953
3279,205,45
3280,205,53
3281,205,70
3282,205,91
3283,205,98
3284,205,115
3285,205,131
3286,205,135
3287,205,154
3288,205,161
3289,205,165
3290,205,218
3291,205,223
3292,205,240
3293,205,241
3294,206,10
3295,206,12
3296,206,15
3297,206,74
3298,206,108
3299,206,138
3300,206,153
3301,206,164
3302,206,169
3303,206,185
3304,206,186
3305,206,195
3306,206,203
3307,206,209
3308,206,219
3309,206,232
3310,206,239
3311,207,77
3312,207,80
3313,207,100
3314,207,102
3315,207,109
3316,207,143
3317,207,163
3318,207,172
3319,207,177
3320,207,186
3321,207,187
3322,207,206
3323,207,209
3324,207,219
3325,207,232
3326,207,239
3327,207,247
3328,207,257
3329,207,269
3330,208,23
3331,208,26
3332,208,45
3333,208,49
3334,208,80
3335,208,98
3336,208,102
3337,208,115
3338,208,117
3339,208,137
3340,208,143
3341,208,161
3342,208,172
3343,208,177
3344,208,193
3345,208,198
3346,208,218
3347,208,219
3348,208,245
3349,208,257
3350,208,266
3351,209,316
3352,209,356
3353,209,381
3354,209,403
3355,209,488
3356,209,493
3357,209,503
3358,209,510
3359,209,526
3360,209,536
3361,210,276
3362,210,318
3363,210,363
3364,210,376
3365,210,393
3366,210,403
3367,210,424
3368,210,434
3369,210,488
3370,210,498
3371,210,535
3372,211,633
3373,211,634
3374,211,668
3375,211,673
3376,211,724
3377,211,818
3378,211,832
3379,211,837
3380,211,842
3381,211,851
3382,211,856
3383,211,867
3384,211,872
3385,211,878
3386,211,906
3387,211,907
3388,211,936
3389,211,945
3390,211,948
3391,212,619
3392,212,625
3393,212,668
3394,212,679
3395,212,699
3396,212,710
3397,212,714
3398,212,856
3399,212,857
3400,212,878
3401,212,892
3402,212,898
3403,213,639
3404,213,656
3405,213,667
3406,213,672
3407,213,687
3408,213,869
3409,213,873
3410,213,885
3411,213,902
3412,213,917
3413,213,935
3414,213,944
3415,213,952
3416,214,14
3417,214,15
3418,214,18
3419,214,26
3420,214,27
3421,214,45
3422,214,49
3423,214,59
3424,214,63
3425,214,77
3426,214,90
3427,214,97
3428,214,102
3429,214,109
3430,214,141
3431,214,153
3432,214,160
3433,214,172
3434,215,2
3435,215,7
3436,215,18
3437,215,32
3438,215,41
3439,215,43
3440,215,44
3441,215,76
3442,215,102
3443,215,110
3444,215,119
3445,215,124
3446,215,141
3447,215,171
3448,215,179
3449,215,181
3450,215,192
3451,215,205
3452,215,220
3453,215,224
3454,216,671
3455,216,673
3456,216,697
3457,216,830
3458,216,833
3459,216,840
3460,216,842
3461,216,896
3462,216,908
3463,216,922
3464,216,942
3465,216,948
3466,217,623
3467,217,636
3468,217,650
3469,217,663
3470,217,671
3471,217,678
3472,217,717
3473,217,720
3474,217,792
3475,217,802
3476,217,818
3477,217,849
3478,217,860
3479,217,863
3480,217,869
3481,217,879
3482,217,912
3483,217,921
3484,217,942
3485,218,617
3486,218,632
3487,218,644
3488,218,659
3489,218,687
3490,218,703
3491,218,812
3492,218,839
3493,218,843
3494,218,855
3495,218,858
3496,218,866
3497,218,868
3498,218,882
3499,219,284
3500,219,330
3501,219,335
3502,219,360
3503,219,366
3504,219,390
3505,219,443
3506,219,450
3507,219,461
3508,219,480
3509,219,485
3510,219,539
3511,219,545
3512,220,45
3513,220,53
3514,220,67
3515,220,77
3516,220,115
3517,220,125
3518,220,137
3519,220,143
3520,220,158
3521,220,172
3522,220,175
3523,220,177
3524,220,192
3525,220,206
3526,220,216
3527,220,219
3528,220,247
3529,220,259
3530,220,270
3531,221,614
3532,221,618
3533,221,733
3534,221,745
3535,221,761
3536,221,778
3537,221,782
3538,221,785
3539,221,814
3540,221,843
3541,221,847
3542,221,857
3543,221,858
3544,221,915
3545,222,275
3546,222,282
3547,222,298
3548,222,302
3549,222,413
3550,222,417
3551,222,443
3552,222,512
3553,222,522
3554,223,2
3555,223,3
3556,223,13
3557,223,23
3558,223,41
3559,223,57
3560,223,59
3561,223,119
3562,223,125
3563,223,136
3564,223,143
3565,223,147
3566,223,201
3567,223,247
3568,223,249
3569,223,251
3570,224,48
3571,224,49
3572,224,62
3573,224,63
3574,224,104
3575,224,106
3576,224,153
3577,224,159
3578,224,165
3579,224,200
3580,224,230
3581,224,239
3582,225,629
3583,225,637
3584,225,680
3585,225,696
3586,225,756
3587,225,766
3588,225,768
3589,225,769
3590,225,783
3591,225,813
3592,225,826
3593,225,829
3594,225,835
3595,225,840
3596,225,848
3597,225,850
3598,225,911
3599,225,930
3600,225,935
3601,226,640
3602,226,641
3603,226,682
3604,226,700
3605,226,733
3606,226,807
3607,226,809
3608,226,814
3609,226,845
3610,226,847
3611,226,852
3612,226,857
3613,226,862
3614,226,864
3615,226,933
3616,226,938
3617,227,669
3618,227,673
3619,227,696
3620,227,735
3621,227,748
3622,227,765
3623,227,776
3624,227,778
3625,227,799
3626,227,800
3627,227,817
3628,227,838
3629,227,842
3630,227,853
3631,227,856
3632,227,867
3633,227,871
3634,227,876
3635,227,898
3636,227,900
3637,228,5
3638,228,8
3639,228,17
3640,228,21
3641,228,35
3642,228,103
3643,228,118
3644,228,122
3645,228,139
3646,228,150
3647,228,163
3648,228,175
3649,228,178
3650,228,188
3651,228,209
3652,228,215
3653,228,254
3654,228,259
3655,228,268
3656,229,692
3657,229,707
3658,229,719
3659,229,817
3660,229,825
3661,229,832
3662,229,838
3663,229,842
3664,229,854
3665,229,856
3666,229,899
3667,229,906
3668,229,939
3669,229,941
3670,229,951
3671,236,613
3672,236,622
3673,236,640
3674,236,649
3675,236,667
3676,236,677
3677,236,683
3678,236,704
3679,236,708
3680,236,718
3681,236,732
3682,236,816
3683,236,852
3684,236,859
3685,236,864
3686,236,873
3687,236,881
3688,236,919
3689,236,953
3690,237,279
3691,237,306
3692,237,309
3693,237,353
3694,237,448
3695,237,465
3696,237,537
3697,255,5
3698,255,20
3699,255,24
3700,255,29
3701,255,52
3702,255,54
3703,255,66
3704,255,68
3705,255,86
3706,255,101
3707,255,102
3708,255,140
3709,255,149
3710,255,164
3711,255,173
3712,255,175
3713,255,187
3714,255,196
3715,255,228
3716,255,229
3717,255,237
3718,265,320
3719,265,357
3720,265,386
3721,265,436
3722,265,453
3723,265,466
3724,265,470
3725,270,305
3726,270,306
3727,270,406
3728,270,438
3729,270,537
3730,270,572
3731,270,573
3732,270,602
3733,271,38
3734,271,25
3735,271,70
3736,271,94
3737,271,88
3738,271,165
3739,271,211
3740,271,230
3741,271,237
3742,271,255
3743,271,256
3744,271,248
3745,272,652
3746,272,662
3747,272,673
3748,272,691
3749,272,714
3750,272,717
3751,272,724
3752,272,793
3753,272,800
3754,272,830
3755,272,832
3756,272,849
3757,272,856
3758,272,867
3759,272,869
3760,272,898
3761,272,908
3762,272,922
3763,272,945
3764,277,622
3765,277,626
3766,277,649
3767,277,653
3768,277,667
3769,277,669
3770,277,692
3771,277,741
3772,277,742
3773,277,751
3774,277,755
3775,277,761
3776,277,805
3777,277,809
3778,277,836
3779,277,838
3780,277,854
3781,277,859
3782,277,871
3783,277,873
3784,277,916
3785,277,928
3786,277,939
3787,277,951
3788,278,618
3789,278,628
3790,278,644
3791,278,654
3792,278,669
3793,278,674
3794,278,692
3795,278,707
3796,278,712
3797,278,729
3798,278,740
3799,278,758
3800,278,759
3801,278,774
3802,278,799
3803,278,804
3804,278,817
3805,278,820
3806,278,824
3807,278,866
3808,278,871
3809,278,911
3810,278,924
3811,278,939
3812,279,274
3813,279,286
3814,279,301
3815,279,307
3816,279,316
3817,279,475
3818,279,496
3819,279,508
3820,279,519
3821,283,24
3822,283,38
3823,283,103
3824,283,108
3825,283,123
3826,283,129
3827,283,151
3828,283,164
3829,283,183
3830,283,186
3831,283,193
3832,283,203
3833,283,209
3834,283,217
3835,283,230
3836,283,232
3837,283,248
3838,283,249
3839,283,269
3840,284,272
3841,284,297
3842,284,309
3843,284,330
3844,284,334
3845,284,443
3846,284,471
3847,284,504
3848,284,514
3849,284,518
3850,285,651
3851,285,659
3852,285,672
3853,285,678
3854,285,687
3855,285,703
3856,285,727
3857,285,802
3858,285,806
3859,285,841
3860,285,846
3861,285,855
3862,285,860
3863,285,863
3864,285,868
3865,285,882
3866,285,897
3867,285,905
3868,286,682
3869,286,710
3870,286,717
3871,286,733
3872,286,735
3873,286,756
3874,286,762
3875,286,779
3876,286,790
3877,286,823
3878,286,830
3879,286,866
3880,286,869
3881,286,880
3882,286,892
3883,286,908
3884,286,922
3885,286,923
3886,286,949
3887,287,615
3888,287,623
3889,287,678
3890,287,679
3891,287,715
3892,287,720
3893,287,728
3894,287,846
3895,287,847
3896,287,862
3897,287,863
3898,287,888
3899,287,896
3900,287,948