id,system,body,siteID,extoolID,latitude,longitude,type,cycle,count,verified,visible,discoveredBy
1,1289,1067,1,\N,2.3189,177.2434,2,3,\N,0,1,1
2,938,848,2,\N,-26.3515,-156.4056,8,4,\N,0,1,1
3,1123,992,3,\N,21.93,96.98,2,2,\N,0,1,1
4,1123,992,4,\N,21.3348,91.9834,8,2,\N,0,1,1
5,1123,992,5,\N,19.2477,92.0916,8,2,\N,0,1,1
6,1123,992,6,\N,23.16,94.07,8,2,\N,0,1,1
7,1123,992,7,\N,20.86,91.68,8,2,\N,0,1,1
8,1123,992,8,\N,25.3363,25.5291,5,2,\N,0,1,1
9,1123,992,9,\N,-57.8318,107.4311,8,3,\N,0,1,1
10,1123,993,10,\N,49.9075,102.7141,2,3,\N,0,1,1
11,1123,993,11,\N,49.7519,102.161,8,1,\N,0,1,1
12,1123,993,12,\N,49.5347,102.0792,3,3,\N,0,1,1
13,1289,1067,13,\N,0.8185,176.5622,2,2,\N,0,1,1
14,1123,992,14,\N,20.1833,86.7352,8,3,\N,0,1,1
15,1123,992,15,\N,21.6104,89.0181,8,1,\N,0,1,1
16,1123,993,16,\N,13.0,18.24,8,1,\N,0,1,1
17,1123,993,17,\N,49.0665,102.9364,2,2,\N,0,1,1
18,1123,992,18,\N,22.8117,94.0667,8,1,\N,0,1,1
19,1123,993,19,\N,49.7498,102.1578,2,2,\N,0,1,1
20,1123,993,20,\N,59.4,-59.7,8,1,\N,0,1,1
21,1123,992,21,\N,2.4138,23.5577,3,3,\N,0,1,1
22,1123,992,22,\N,-0.9981,25.85,8,3,\N,0,1,1
23,1123,992,23,\N,9.34,22.49,8,1,\N,0,1,1
24,1123,993,24,\N,49.98,101.51,8,1,\N,0,1,1
25,1123,993,25,\N,-1.86,-45.17,8,1,\N,0,1,1
26,1123,992,26,\N,-21.27,-85.61,8,1,\N,0,1,1
27,1289,1067,27,\N,-6.2472,-173.9321,2,4,\N,0,1,1
28,1123,992,28,\N,-8.7979,-13.3657,6,4,\N,0,1,1
29,1123,993,29,\N,-17.61,-18.06,8,1,\N,0,1,1
30,1123,993,30,\N,-17.95,-17.28,2,2,\N,0,1,1
31,1123,993,31,\N,-18.23,-17.35,8,1,\N,0,1,1
32,1123,993,32,\N,-28.04,29.51,8,1,\N,0,1,1
33,1123,993,33,\N,-2.7,-45.27,8,1,\N,0,1,1
34,1123,993,34,\N,-1.85,43.63,8,1,\N,0,1,1
35,1123,993,35,\N,13.01,18.25,8,1,\N,0,1,1
36,1123,993,36,\N,61.23,-56.02,8,1,\N,0,1,1
37,1123,993,37,\N,60.3878,-51.8026,8,1,\N,0,1,1
38,1123,993,38,\N,46.6403,-62.9002,8,1,\N,0,1,1
39,1105,972,39,\N,-1.254,-164.182,8,4,\N,0,1,1
40,1105,972,40,\N,-3.13,-162.2377,8,1,\N,0,1,1
41,1105,972,41,\N,-0.7678,-162.5522,8,1,\N,0,1,1
42,1105,972,42,\N,-0.5601,-161.9771,3,4,\N,0,1,1
43,1123,993,43,\N,49.906,101.5107,8,1,\N,0,1,1
44,1105,972,44,\N,-1.6133,-163.5428,8,4,\N,0,1,1
45,1105,972,45,\N,-1.4193,-165.1568,5,4,\N,0,1,1
46,1123,992,46,\N,-58.6949,-98.2852,8,1,\N,0,1,1
47,1105,974,47,\N,5.89,-70.95,8,1,\N,0,1,1
48,1105,974,48,\N,3.31,-70.97,2,3,\N,0,1,1
49,1105,974,49,\N,4.23,-69.81,8,1,\N,0,1,1
50,1105,974,50,\N,28.41,4.8037,8,1,\N,0,1,1
51,1105,973,51,\N,-6.51,132.85,8,1,\N,0,1,1
52,1123,993,52,\N,28.4218,-34.7203,8,1,\N,0,1,1
53,179,96,53,\N,45.6905,-88.1535,6,2,\N,0,1,1
54,179,97,54,\N,-21.6941,23.0779,2,3,\N,0,1,1
55,179,100,55,\N,-34.46,-44.4367,6,3,\N,0,1,1
56,179,100,56,\N,-29.4314,-54.3335,2,4,\N,0,1,1
57,179,100,57,\N,-24.7449,-64.0429,5,2,\N,0,1,1
58,179,100,58,\N,10.357,-80.2207,5,3,\N,0,1,1
59,182,108,59,\N,-56.2571,108.4921,2,4,\N,0,1,1
60,1688,1507,60,\N,-16.5359,151.8175,5,4,\N,0,1,1
61,938,847,61,\N,13.4277,-161.5145,8,4,\N,0,1,1
62,182,103,62,\N,-17.3842,-18.7939,2,2,\N,0,1,1
63,1683,1498,63,\N,-65.9886,-173.642,6,4,\N,0,1,1
64,1105,974,64,\N,42.764,-97.152,8,1,\N,0,1,1
65,1105,974,65,\N,42.845,-96.98,8,1,\N,0,1,1
66,177,94,66,\N,37.9339,-40.4353,6,4,\N,0,1,1
67,177,94,67,\N,34.832,-40.392,2,2,\N,0,1,1
68,1688,1509,68,\N,-24.4643,-26.8704,3,3,\N,0,1,1
69,1688,1511,69,\N,-0.5026,-163.3102,2,4,\N,0,1,1
70,1688,1510,70,\N,4.0266,-40.0451,5,4,\N,0,1,1
71,177,94,71,\N,30.5814,-66.2712,6,4,\N,0,1,1
72,177,94,72,\N,-37.4567,14.9971,2,4,\N,0,1,1
73,177,94,73,\N,30.6258,-67.1392,3,3,\N,0,1,1
74,938,848,74,\N,8.3379,-96.1337,2,2,\N,0,1,1
75,938,848,75,\N,-28.245,-109.5219,2,4,\N,0,1,1
76,177,94,76,\N,64.4428,4.7017,2,4,\N,0,1,1
77,1688,1507,77,\N,-22.9365,176.0601,5,3,\N,0,1,1
78,938,848,78,\N,-28.77,-114.01,3,3,\N,0,1,1
79,182,104,79,\N,-9.7187,138.7988,6,4,\N,0,1,1
80,179,96,80,\N,-1.4133,-141.7319,3,4,\N,0,1,1
81,179,98,81,\N,-11.8843,54.5331,2,2,\N,0,1,1
82,179,99,82,\N,-27.3231,178.3874,2,2,\N,0,1,1
83,656,630,83,\N,-33.2579,140.347,8,1,\N,0,1,1
84,656,630,84,\N,-31.9412,141.221,2,4,\N,0,1,1
85,1105,974,85,\N,18.8394,-82.8223,8,1,\N,0,1,1
86,1105,974,86,\N,30.182,-54.4523,8,1,\N,0,1,1
87,1105,974,87,\N,15.9454,-28.9784,8,1,\N,0,1,1
88,1105,974,88,\N,14.6782,-29.5419,8,1,\N,0,1,1
89,1105,974,89,\N,15.2147,-31.35,8,1,\N,0,1,1
90,656,630,90,\N,-32.754,140.103,2,4,\N,0,1,1
91,1105,974,91,\N,16.947,-82.6808,8,1,\N,0,1,1
92,1105,973,92,\N,2.5221,142.879,8,1,\N,0,1,1
93,1105,973,93,\N,5.2474,142.8703,6,3,\N,0,1,1
94,1105,973,94,\N,0.4332,143.1308,3,3,\N,0,1,1
95,1105,973,95,\N,46.6599,-170.3448,2,3,\N,0,1,1
96,1105,973,96,\N,0.891,142.0576,8,3,\N,0,1,1
97,1105,973,97,\N,-1.7955,141.2449,8,3,\N,0,1,1
98,1218,1046,98,\N,-27.081,75.1162,2,2,\N,0,1,1
99,1218,1046,99,\N,-27.1014,74.6003,3,3,\N,0,1,1
100,1218,1046,100,\N,-26.9032,72.4783,2,4,\N,0,1,1
101,1218,1046,101,\N,-27.016,72.0928,8,2,\N,0,1,1
102,1105,973,102,\N,47.5693,-167.2193,8,3,\N,0,1,1
103,1105,973,103,\N,46.7718,-164.7683,8,3,\N,0,1,1
104,1105,973,104,\N,46.3542,-165.069,3,3,\N,0,1,1
105,1105,973,105,\N,35.4491,-159.8313,8,1,\N,0,1,1
106,1105,973,106,\N,46.7148,-170.2378,8,3,\N,0,1,1
107,1105,973,107,\N,51.2846,152.2478,8,1,\N,0,1,1
108,1123,992,108,\N,-59.7253,-100.8103,8,1,\N,0,1,1
109,1123,992,109,\N,-59.7579,-100.9584,8,1,\N,0,1,1
110,1123,992,110,\N,-67.3018,-106.544,8,1,\N,0,1,1
111,1123,992,111,\N,-63.0291,-130.8848,8,1,\N,0,1,1
112,1123,992,112,\N,-55.78,102.74,8,3,\N,0,1,1
113,1123,992,113,\N,-9.3676,-13.067,3,2,\N,0,1,1
114,1123,992,114,\N,28.42,-34.72,8,1,\N,0,1,1
115,938,847,115,\N,-11.2354,-145.3719,8,4,\N,0,1,1
116,1688,1508,116,\N,-62.7265,-174.6157,2,3,\N,0,1,1
117,1123,992,117,\N,-49.6746,-93.1688,8,1,\N,0,1,1
118,1218,1046,118,\N,-23.5932,70.9424,5,2,\N,0,1,1
119,1218,1046,119,\N,-23.3382,71.5151,2,3,\N,0,1,1
120,1218,1046,120,\N,-26.5783,73.3242,8,4,\N,0,1,1
121,1218,1046,121,\N,-31.9369,77.6151,3,4,\N,0,1,1
122,1105,973,122,\N,43.3664,155.3691,8,1,\N,0,1,1
123,1105,973,123,\N,44.8012,155.2202,8,1,\N,0,1,1
124,1105,973,124,\N,46.2899,-173.3714,8,3,\N,0,1,1
125,1105,973,125,\N,46.1893,-172.5251,8,3,\N,0,1,1
126,1105,973,126,\N,30.3348,144.2878,8,1,\N,0,1,1
127,656,630,127,\N,-32.491,141.312,2,2,\N,0,1,1
128,1123,992,128,\N,-22.4192,-85.0385,8,1,\N,0,1,1
129,1123,992,129,\N,-23.1972,-94.0191,8,1,\N,0,1,1
130,1123,992,130,\N,-24.6396,-94.3886,8,1,\N,0,1,1
131,1105,974,131,\N,12.0723,-77.4303,8,1,\N,0,1,1
132,1105,974,132,\N,10.0397,-76.2438,8,1,\N,0,1,1
133,1105,974,133,\N,13.5968,-35.2585,2,3,\N,0,1,1
134,1105,974,134,\N,25.4089,-3.8057,8,1,\N,0,1,1
135,1105,974,135,\N,28.2638,-1.5745,8,1,\N,0,1,1
136,1105,974,136,\N,33.2,-10.5777,8,1,\N,0,1,1
137,1105,974,137,\N,37.3644,-13.8866,8,1,\N,0,1,1
138,1688,1507,138,\N,-1.0726,129.1251,2,2,\N,0,1,1
139,1688,1507,139,\N,-6.7142,118.9982,2,3,\N,0,1,1
140,1688,1511,140,\N,-4.3289,-159.6406,5,2,\N,0,1,1
141,1682,1496,141,\N,-34.6822,-35.1035,2,4,\N,0,1,1
142,1682,1495,142,\N,22.8394,-18.6425,2,4,\N,0,1,1
143,182,104,143,\N,6.9426,43.2432,2,4,\N,0,1,1
144,182,104,144,\N,-32.6969,71.4594,5,3,\N,0,1,1
145,1123,993,145,\N,-24.5217,57.0263,8,1,\N,0,1,1
146,177,94,146,\N,33.9303,-61.2215,2,2,\N,0,1,1
147,179,97,147,\N,48.4571,11.7493,5,4,\N,0,1,1
148,182,108,148,\N,-68.5405,-179.837,2,2,\N,0,1,1
149,938,847,149,\N,9.748,134.2303,3,2,\N,0,1,1
150,938,847,150,\N,2.6866,143.0324,5,2,\N,0,1,1
151,1105,973,151,\N,46.4393,-172.7334,8,3,\N,0,1,1
152,182,105,152,\N,-19.91,-7.52,2,4,\N,0,1,1
153,1686,1503,153,\N,13.9001,126.7439,2,4,\N,0,1,1
154,1686,1503,154,\N,-21.4056,112.6514,5,4,\N,0,1,1
155,1686,1503,155,\N,-23.7929,115.8528,5,3,\N,0,1,1
156,1686,1503,156,\N,19.5547,134.4431,3,2,\N,0,1,1
157,1686,1503,157,\N,17.535,130.9314,6,3,\N,0,1,1
158,1685,1502,158,\N,1.7506,171.5026,2,2,\N,0,1,1
159,1685,1502,159,\N,1.5933,171.149,2,2,\N,0,1,1
160,1685,1502,160,\N,3.6526,163.0878,2,4,\N,0,1,1
161,1685,1502,161,\N,-3.2671,136.3393,3,2,\N,0,1,1
162,1105,974,162,\N,13.3009,-40.3557,8,1,\N,0,1,1
163,182,103,163,\N,8.4108,15.0591,3,3,\N,0,1,1
164,182,108,164,\N,52.1942,157.62,3,2,\N,0,1,1
165,1682,1494,165,\N,19.9735,-87.832,3,2,\N,0,1,1
166,1681,1493,166,\N,-38.9083,-176.2855,6,4,\N,0,1,1
167,1681,1493,167,\N,7.1037,-173.8253,6,2,\N,0,1,1
168,1105,973,168,\N,36.1227,-158.9696,3,4,\N,0,1,1
169,1681,1493,169,\N,29.642,86.9916,2,3,\N,0,1,1
170,1682,1494,170,\N,-29.6222,-98.2775,3,2,\N,0,1,1
171,1681,1493,171,\N,-45.747299,105.370308,3,2,\N,0,1,1
172,1195,1023,172,\N,-47.4533,-18.4075,2,5,\N,0,1,1
173,1195,1023,173,\N,-42.7785,-21.7142,6,5,\N,0,1,1
174,1195,1024,174,\N,-41.3795,67.1302,2,5,\N,0,1,1
175,1195,1025,175,\N,-30.6692,-36.3747,6,5,\N,0,1,1
176,1195,1025,176,\N,-20.7668,-175.1816,2,5,\N,0,1,1
177,1195,1025,177,\N,34.7848,179.2113,5,5,\N,0,1,1
178,1195,1025,178,\N,35.3987,-178.5251,3,5,\N,0,1,1
179,1195,1025,179,\N,-19.6535,-165.4662,6,5,\N,0,1,1
180,1195,1024,180,\N,-14.7078,140.6005,6,5,\N,0,1,1
181,1681,1493,181,\N,-51.228111,104.541199,6,3,\N,0,1,1
182,1681,1493,182,\N,-39.871983,96.781685,2,4,\N,0,1,1
183,1681,1493,183,\N,-34.959667,91.613739,2,3,\N,0,1,1
184,1681,1493,184,\N,19.702206,93.107475,3,4,\N,0,1,1
185,177,94,185,\N,-27.7107,45.385,5,2,\N,0,1,1
186,1195,1024,186,\N,-22.1825,90.9471,5,5,\N,0,1,1
187,1195,1024,187,\N,-25.991,89.2176,3,5,\N,0,1,1
188,1684,1500,188,\N,8.32636,18.810936,8,2,\N,0,1,1
189,1684,1500,189,\N,25.255402,-5.682159,3,3,\N,0,1,1
190,1684,1499,190,\N,-39.902142,-65.974014,5,4,\N,0,1,1
191,1684,1499,191,\N,41.9804,-112.2412,2,3,\N,0,1,1
192,1684,1499,192,\N,-25.6059,-166.836,3,3,\N,0,1,1
193,1684,1501,193,\N,-35.158333,-26.877186,5,3,\N,0,1,1
194,1684,1501,194,\N,-11.193197,-56.67981,2,4,\N,0,1,1
195,1684,1501,195,\N,-8.77,103.1274,8,2,\N,0,1,1
196,179,98,196,\N,23.2293,33.6618,2,2,\N,0,1,1
197,1688,1510,197,\N,-18.964655,-70.320999,2,4,\N,0,1,1
198,1688,1507,198,\N,0.078167,72.318115,6,4,\N,0,1,1
199,1122,989,199,\N,-40.4635,25.8099,2,5,\N,0,1,1
200,1682,1497,200,\N,6.344975,66.142769,8,2,\N,0,1,1
201,1122,986,201,\N,12.3016,71.5827,5,5,\N,0,1,1
202,1122,989,202,\N,-23.9181,88.1463,5,5,\N,0,1,1
203,1122,987,203,\N,16.5483,-107.4797,5,5,\N,0,1,1
204,1682,1497,204,\N,-34.200191,71.3442,3,4,\N,0,1,1
205,1682,1497,205,\N,8.482067,82.072815,6,4,\N,0,1,1
206,1122,989,206,\N,-25.52,31.43,6,5,\N,0,1,1
207,1122,989,207,\N,-2.14,25.24,5,5,\N,0,1,1
208,1154,1005,208,\N,-29.8096,-4.2618,3,5,\N,0,1,1
209,1154,1005,209,\N,15.2088,-45.2712,3,5,\N,0,1,1
210,1154,1006,210,\N,-21.005,-88.7599,5,5,\N,0,1,1
211,1154,1006,211,\N,-13.1651,-54.358,6,5,\N,0,1,1
212,1154,1003,212,\N,-13.9421,-46.4597,2,5,\N,0,1,1
213,1154,1004,213,\N,25.7177,-1.6153,5,5,\N,0,1,1
214,1154,1006,214,\N,-7.11,-45.74,2,5,\N,0,1,1
215,1154,1005,215,\N,36.5769,-42.4067,6,5,\N,0,1,1
216,1154,1005,216,\N,32.4949,-51.126,5,5,\N,0,1,1
217,1682,1497,217,\N,15.443384,110.782776,8,4,\N,0,1,1
218,1154,1003,218,\N,-39.136917,24.273895,5,5,\N,0,1,1
219,1154,1003,219,\N,6.764772,-36.089458,3,5,\N,0,1,1
220,1096,970,220,\N,-9.914108,-40.68626,3,5,\N,0,1,1
221,1096,969,221,\N,10.0852,167.6335,6,5,\N,0,1,1
222,1096,969,222,\N,13.3545,131.8813,5,5,\N,0,1,1
223,1123,993,223,\N,46.686771,-61.950241,8,2,\N,0,1,1
224,1123,993,224,\N,-23.7951,57.0969,8,2,\N,0,1,1
225,1096,969,225,\N,21.3418,144.2497,2,5,\N,0,1,1
226,1096,969,226,\N,21.9716,144.1244,6,5,\N,0,1,1
227,1145,1001,227,\N,30.936,53.8083,6,5,\N,0,1,1
228,1145,1001,228,\N,27.2445,65.7356,2,5,\N,0,1,1
229,1154,1003,229,\N,-48.2301,3.2941,3,5,\N,0,1,1
230,1154,1004,230,\N,-74.969,48.4407,5,5,\N,0,1,1
231,177,94,231,\N,-31.1024,45.3513,8,4,\N,0,1,1
232,1122,987,232,\N,11.6919,-170.1519,3,5,\N,0,1,1
233,1122,990,233,\N,-20.2260,-97.9429,3,5,\N,0,1,1
234,1122,990,234,\N,-13.373994,-115.12986,2,5,\N,0,1,1
235,1122,987,235,\N,46.3852,-130.0746,3,5,\N,0,1,1
236,1122,986,236,\N,-44.3297,93.9267,5,5,\N,0,1,1
237,1122,986,237,\N,21.0044,72.5935,6,5,\N,0,1,1
238,1145,1001,238,\N,-32.5879,75.0231,6,5,\N,0,1,1
239,1122,991,239,\N,35.8587,64.3404,3,5,\N,0,1,1
240,1688,1512,240,\N,-13.8924,99.4376,8,4,\N,0,1,1
241,1122,990,241,\N,-19.5722,-99.8317,5,5,\N,0,1,1
242,1154,1006,242,\N,-2.478,-110.8873,6,5,\N,0,1,1
243,1204,1030,243,\N,11.2107,-144.2938,5,5,\N,0,1,1
244,1204,1031,244,\N,-36.5242,165.4726,6,5,\N,0,1,1
245,1204,1032,245,\N,-29.6271,10.0355,6,5,\N,0,1,1
246,1204,1031,246,\N,-29.4924,173.2256,2,5,\N,0,1,1
247,1073,949,247,\N,-4.1823,-159.1976,3,5,\N,0,1,1
248,1073,953,248,\N,7.7768,-75.4291,3,5,\N,0,1,1
249,1073,953,249,\N,30.078,-94.7521,5,5,\N,0,1,1
250,1073,953,250,\N,-2.9057,-120.0469,5,5,\N,0,1,1
251,1073,953,251,\N,37.4628,-161.1595,3,5,\N,0,1,1
252,1073,949,252,\N,-29.0538,-176.0698,6,5,\N,0,1,1
253,1096,969,253,\N,10.0334,134.3038,3,5,\N,0,1,1
254,635,619,254,\N,21.9683,4.0998,2,5,\N,0,1,1
255,1073,953,255,\N,-2.4109,-63.4993,2,5,\N,0,1,1
256,635,619,256,\N,0.5617,-37.5362,6,5,\N,0,1,1
257,635,619,257,\N,-9.8058,-48.6179,5,5,\N,0,1,1
258,635,620,258,\N,25.1771,125.9744,5,5,\N,0,1,1
259,635,620,259,\N,20.8356,106.2174,6,5,\N,0,1,1
260,635,619,260,\N,-3.5113,-75.3682,3,5,\N,0,1,1
261,635,621,261,\N,25.7664,90.2486,6,5,\N,0,1,1
262,635,619,262,\N,-22.5232,-89.4039,3,5,\N,0,1,1
263,1073,952,263,\N,3.6266,62.894,5,5,\N,0,1,1
264,1122,988,264,\N,-8.9994,-48.4632,6,5,\N,0,1,1
265,789,758,265,\N,8.4895,-32.6384,3,5,\N,0,1,1
266,789,758,266,\N,9.2924,-153.9186,1,5,\N,0,1,1
267,1289,1067,267,\N,-57.5045,-98.7233,2,3,\N,0,1,1
268,1073,949,268,\N,-40.7096,-150.4434,5,5,\N,0,1,1
269,1073,949,269,\N,11.9925,177.0452,6,5,\N,0,1,1
270,1073,949,270,\N,11.3058,168.6456,2,5,\N,0,1,1
271,1073,950,271,\N,-42.1026,-21.8752,5,5,\N,0,1,1
272,1073,951,272,\N,-3.7977,-151.9287,5,5,\N,0,1,1
273,1073,951,273,\N,31.0788,125.0003,2,5,\N,0,1,1
274,1204,1030,274,\N,-16.3615,-70.9038,8,5,\N,0,1,1
275,1204,1033,275,\N,-23.74,-156.2297,8,5,\N,0,1,1
276,1204,1033,276,\N,-12.4202,-119.2942,8,5,\N,0,1,1
277,1204,1033,277,\N,-1.9137,-117.9485,8,5,\N,0,1,1
278,1204,1030,278,\N,-3.535,-154.4564,6,5,\N,0,1,1
279,1204,1030,279,\N,-21.5297,-149.5396,8,5,\N,0,1,1
280,1204,1030,280,\N,22.5975,161.694,8,5,\N,0,1,1
281,1204,1033,281,\N,-29.0256,-171.2617,8,5,\N,0,1,1
282,789,758,282,\N,14.3738,-151.7665,8,5,\N,0,1,1
283,1195,1023,283,\N,-47.101,25.4678,3,5,\N,0,1,1
284,1195,1023,284,\N,-46.9866,30.8517,5,5,\N,0,1,1
285,1195,1025,285,\N,-11.0853,-12.4684,8,5,\N,0,1,1
286,182,108,286,\N,-41.3838,118.2001,8,2,\N,0,1,1
287,182,108,287,\N,-27.0431,-117.7679,5,2,\N,0,1,1
288,182,108,288,\N,33.1618,-168.081,8,2,\N,0,1,1
289,182,107,289,\N,-35.1251,-170.217,8,2,\N,0,1,1
290,182,107,290,\N,-18.842,-175.3425,6,2,\N,0,1,1
291,182,107,291,\N,29.5172,144.2521,2,2,\N,0,1,1
292,182,107,292,\N,-34.724,121.0089,2,2,\N,0,1,1
293,182,107,293,\N,-17.1109,135.4123,8,2,\N,0,1,1
294,182,107,294,\N,-42.3405,114.4266,8,2,\N,0,1,1
295,182,108,295,\N,-2.1567,-150.1202,8,2,\N,0,1,1
296,182,107,296,\N,-2.2737,-176.3177,8,2,\N,0,1,1
297,182,107,297,\N,-7.4033,-175.8724,8,2,\N,0,1,1
298,182,106,298,\N,7.6398,-33.3014,8,2,\N,0,1,1
299,1688,1507,299,\N,-26.1989,-163.9463,2,2,\N,0,1,1
300,1688,1507,300,\N,-26.1745,-164.0041,2,2,\N,0,1,1
301,1688,1507,301,\N,-21.3803,175.5019,2,3,\N,0,1,1
302,1688,1505,302,\N,24.3257,-65.3146,2,3,\N,0,1,1
303,1688,1505,303,\N,27.486,-60.4177,8,4,\N,0,1,1
304,1688,1505,304,\N,7.027,-43.568,3,2,\N,0,1,1
305,1688,1505,305,\N,6.6427,-42.4178,5,3,\N,0,1,1
306,1688,1505,306,\N,-37.1061,1.5222,8,3,\N,0,1,1
307,1688,1505,307,\N,0.8328,25.2289,2,2,\N,0,1,1
308,1688,1505,308,\N,24.3149,27.5883,5,2,\N,0,1,1
309,1688,1505,309,\N,24.5167,26.035,8,4,\N,0,1,1
310,1688,1505,310,\N,24.1364,23.5438,8,4,\N,0,1,1
311,182,106,311,\N,6.3418,27.9524,2,2,\N,0,1,1
312,182,106,312,\N,-16.067,45.1604,8,2,\N,0,1,1
313,182,106,313,\N,28.6814,82.4823,6,2,\N,0,1,1
314,182,106,314,\N,19.6242,91.5534,8,2,\N,0,1,1
315,182,106,315,\N,61.0055,72.9185,8,2,\N,0,1,1
316,182,106,316,\N,-2.5465,45.0905,8,2,\N,0,1,1
317,182,105,317,\N,16.9494,21.8354,8,2,\N,0,1,1
318,182,105,318,\N,12.4513,18.1673,5,2,\N,0,1,1
319,182,105,319,\N,4.3463,-8.8267,8,2,\N,0,1,1
320,182,105,320,\N,-34.7148,1.8351,8,2,\N,0,1,1
321,182,105,321,\N,-43.786,-28.9474,8,2,\N,0,1,1
322,182,105,322,\N,7.2985,-75.0633,3,2,\N,0,1,1
323,1688,1506,323,\N,-14.847,-172.3047,8,4,\N,0,1,1
324,1688,1506,324,\N,-15.563,-173.5123,5,3,\N,0,1,1
325,1688,1506,325,\N,-21.533,178.1467,5,2,\N,0,1,1
326,1688,1506,326,\N,-24.6955,179.3156,8,4,\N,0,1,1
327,1688,1506,327,\N,-52.3946,-140.2005,6,3,\N,0,1,1
328,1688,1506,328,\N,-60.2777,-150.3504,3,2,\N,0,1,1
329,1688,1506,329,\N,-47.342,100.3219,8,4,\N,0,1,1
330,1688,1506,330,\N,-42.7713,99.478,8,3,\N,0,1,1
331,182,104,331,\N,17.1835,134.1889,2,2,\N,0,1,1
332,182,104,332,\N,16.4167,117.2996,8,2,\N,0,1,1
333,182,104,333,\N,-43.7392,83.9161,2,2,\N,0,1,1
334,182,104,334,\N,7.1506,43.3079,8,2,\N,0,1,1
335,182,103,335,\N,14.2427,9.9741,2,2,\N,0,1,1
336,1688,1508,336,\N,-9.2392,-104.7918,8,2,\N,0,1,1
337,1688,1508,337,\N,-8.0082,-104.6207,3,3,\N,0,1,1
338,1688,1508,338,\N,-5.7714,-105.9496,8,2,\N,0,1,1
339,1688,1508,339,\N,-68.6564,-94.7628,2,2,\N,0,1,1
340,1688,1508,340,\N,-67.3768,-43.0866,5,3,\N,0,1,1
341,1688,1508,341,\N,-67.0238,5.1413,2,2,\N,0,1,1
342,1688,1508,342,\N,-69.2475,8.9549,8,4,\N,0,1,1
343,1688,1508,343,\N,-36.7089,38.3648,8,4,\N,0,1,1
344,1688,1508,344,\N,-33.4331,15.8306,2,2,\N,0,1,1
345,182,103,345,\N,21.7845,90.1803,8,2,\N,0,1,1
346,179,96,346,\N,77.01,138.07,2,3,\N,0,1,1
347,179,96,347,\N,40.6880,177.4577,3,4,\N,0,1,1
348,179,96,348,\N,28.7510,-169.5665,2,2,\N,0,1,1
349,179,97,349,\N,2.26,-54.58,8,2,\N,0,1,1
350,179,97,350,\N,6.52,-36.1,8,2,\N,0,1,1
351,179,97,351,\N,-10.15,-9.99,8,2,\N,0,1,1
352,179,97,352,\N,-45.3,-79.85,8,2,\N,0,1,1
353,179,97,353,\N,4.77,18.67,8,2,\N,0,1,1
354,179,97,354,\N,-12.28,11.61,8,2,\N,0,1,1
355,179,97,355,\N,48.45,11.75,8,2,\N,0,1,1
356,179,98,356,\N,-12.29,99.46,8,2,\N,0,1,1
357,179,98,357,\N,0.76,70.89,8,2,\N,0,1,1
358,179,98,358,\N,63.6,15.72,8,2,\N,0,1,1
359,179,98,359,\N,-45.56,-5.53,8,2,\N,0,1,1
360,179,98,360,\N,-24.33,3.5,8,2,\N,0,1,1
361,179,98,361,\N,61.15,58.73,8,2,\N,0,1,1
362,179,99,362,\N,38.77,-154.91,8,2,\N,0,1,1
363,179,99,363,\N,23.65,-115.66,8,2,\N,0,1,1
364,179,99,364,\N,20.6,-112.85,8,2,\N,0,1,1
365,179,99,365,\N,9.34,-98.77,8,2,\N,0,1,1
366,179,100,366,\N,-35.78,-2.17,8,2,\N,0,1,1
367,179,100,367,\N,-47.12,-21.08,8,2,\N,0,1,1
368,179,100,368,\N,-32.16,-128.57,8,2,\N,0,1,1
369,179,100,369,\N,-29.75,-54.33,8,2,\N,0,1,1
370,179,100,370,\N,-24.75,-64.04,8,2,\N,0,1,1
371,179,100,371,\N,-16.14,-95.42,8,2,\N,0,1,1
372,179,100,372,\N,9.91,-81.66,8,2,\N,0,1,1
373,179,100,373,\N,-25.03,-115.39,8,2,\N,0,1,1
374,1073,950,374,\N,13.2042,-34.7447,2,5,\N,0,1,1
375,1073,950,375,\N,-18.3157,-40.9142,3,5,\N,0,1,1
376,1073,950,376,\N,24.7016,-72.501,6,5,\N,0,1,1
377,1073,951,377,\N,51.6484,-179.5194,8,5,\N,0,1,1
378,1073,951,378,\N,1.2248,117.4872,8,5,\N,0,1,1
379,1073,952,379,\N,-0.4889,49.5748,8,5,\N,0,1,1
380,1073,952,380,\N,71.5158,-4.9843,8,5,\N,0,1,1
381,1073,952,381,\N,52.2733,51.5612,8,5,\N,0,1,1
382,1073,952,382,\N,-36.3914,11.5551,8,5,\N,0,1,1
383,1073,952,383,\N,-17.5916,-24.2264,6,5,\N,0,1,1
384,1073,953,384,\N,-34.4247,-76.8445,8,5,\N,0,1,1
385,1073,953,385,\N,-41.7664,-66.169,8,5,\N,0,1,1
386,1096,970,386,\N,15.2162,-31.8203,5,5,\N,0,1,1
387,1096,970,387,\N,-13.7828,-6.9118,2,5,\N,0,1,1
388,1096,971,388,\N,14.1165,-30.1464,5,5,\N,0,1,1
389,1096,971,389,\N,7.7236,-30.3388,2,5,\N,0,1,1
390,1096,971,390,\N,2.7347,-23.5291,3,5,\N,0,1,1
391,1096,971,391,\N,-6.2173,-39.4712,6,5,\N,0,1,1
392,1096,971,392,\N,-11.9026,-54.6821,5,5,\N,0,1,1
393,1096,971,393,\N,-66.7738,-104.2762,2,5,\N,0,1,1
394,1096,971,394,\N,-71.9269,45.2294,3,5,\N,0,1,1
395,1096,971,395,\N,-31.8243,13.7997,5,5,\N,0,1,1
396,1096,971,396,\N,10.9063,-61.2944,6,5,\N,0,1,1
397,1096,968,397,\N,11.8709,-79.3125,6,5,\N,0,1,1
398,1096,968,398,\N,40.6923,-67.8523,3,5,\N,0,1,1
399,1096,968,399,\N,35.8146,-65.0837,5,5,\N,0,1,1
400,1096,968,400,\N,14.3189,-34.1781,6,5,\N,0,1,1
401,1096,968,401,\N,29.7595,-26.6644,2,5,\N,0,1,1
402,1096,968,402,\N,56.7874,-75.8513,2,5,\N,0,1,1
403,1096,970,403,\N,-5.1999,21.5048,3,5,\N,0,1,1
404,1096,970,404,\N,15.5063,12.8533,5,5,\N,0,1,1
405,1096,970,405,\N,32.3491,9.8881,5,5,\N,0,1,1
406,1096,970,406,\N,32.5921,10.0386,6,5,\N,0,1,1
407,1096,970,407,\N,-41.9321,18.9252,3,5,\N,0,1,1
408,1096,970,408,\N,-54.0034,-10.2792,6,5,\N,0,1,1
409,1096,970,409,\N,-56.3423,-21.4772,2,5,\N,0,1,1
410,1096,969,410,\N,25.7696,-126.6229,5,5,\N,0,1,1
411,1096,969,411,\N,27.0758,-126.0426,3,5,\N,0,1,1
412,1096,969,412,\N,-28.8471,-167.1152,2,5,\N,0,1,1
413,1096,969,413,\N,19.9548,105.5413,2,5,\N,0,1,1
414,1096,969,414,\N,20.5273,102.7488,5,5,\N,0,1,1
415,1096,969,415,\N,22.254,101.8156,3,5,\N,0,1,1
416,1096,969,416,\N,23.0977,102.2123,6,5,\N,0,1,1
417,1688,1509,417,\N,-32.2119,-141.9895,8,2,\N,0,1,1
418,1688,1509,418,\N,-30.9405,-142.2798,2,2,\N,0,1,1
419,1688,1509,419,\N,-26.5406,-148.4498,8,2,\N,0,1,1
420,1688,1509,420,\N,-18.5747,-148.9909,2,2,\N,0,1,1
421,1688,1509,421,\N,-19.1798,-151.5231,8,2,\N,0,1,1
422,1688,1509,422,\N,8.5472,-126.5881,8,2,\N,0,1,1
423,1688,1509,423,\N,15.1647,-133.1348,5,2,\N,0,1,1
424,1688,1509,424,\N,23.4277,-150.6129,8,2,\N,0,1,1
425,1688,1509,425,\N,71.6379,-62.2077,8,2,\N,0,1,1
426,1688,1509,426,\N,70.5969,-58.3641,8,2,\N,0,1,1
427,1688,1509,427,\N,67.9504,-45.5392,8,2,\N,0,1,1
428,1688,1510,428,\N,19.1169,-104.0950,3,2,\N,0,1,1
429,1688,1510,429,\N,23.5115,-104.8993,8,2,\N,0,1,1
430,1688,1510,430,\N,29.5233,-102.1510,8,2,\N,0,1,1
431,1688,1510,431,\N,35.7026,-97.8135,3,2,\N,0,1,1
432,1688,1510,432,\N,42.4144,-81.4348,8,2,\N,0,1,1
433,1688,1510,433,\N,41.8047,-75.9447,8,2,\N,0,1,1
434,1688,1510,434,\N,43.6459,-75.9573,8,2,\N,0,1,1
435,1688,1510,435,\N,19.1388,-0.0925,8,2,\N,0,1,1
436,1688,1510,436,\N,21.5499,1.2614,6,2,\N,0,1,1
437,1688,1510,437,\N,-5.2965,-36.8917,8,2,\N,0,1,1
438,1688,1510,438,\N,-6.5255,-36.1663,5,2,\N,0,1,1
439,1688,1510,439,\N,-17.7553,-70.5853,8,2,\N,0,1,1
440,1688,1511,440,\N,-9.1799,-152.2745,8,2,\N,0,1,1
441,1688,1511,441,\N,-6.713,-156.5335,8,2,\N,0,1,1
442,1688,1511,442,\N,-15.2305,151.4779,8,2,\N,0,1,1
443,1688,1511,443,\N,-14.1189,139.3529,8,2,\N,0,1,1
444,1688,1511,444,\N,-2.8313,135.8407,8,2,\N,0,1,1
445,1688,1511,445,\N,16.4818,117.3539,2,2,\N,0,1,1
446,1688,1511,446,\N,47.5907,162.1671,2,2,\N,0,1,1
447,1688,1511,447,\N,44.3939,-174.9084,8,2,\N,0,1,1
448,1688,1511,448,\N,43.9668,-170.3241,8,2,\N,0,1,1
449,1688,1511,449,\N,35.9469,-163.7054,3,2,\N,0,1,1
450,1688,1511,450,\N,20.6503,-138.6763,8,2,\N,0,1,1
451,1688,1511,451,\N,-2.8227,144.1129,8,2,\N,0,1,1
452,1178,1016,452,\N,16.4873,132.5642,5,5,\N,0,1,1
453,1178,1016,453,\N,32.2434,127.842,3,5,\N,0,1,1
454,1178,1016,454,\N,22.6224,116.2111,6,5,\N,0,1,1
455,1178,1016,455,\N,17.7955,132.5432,2,5,\N,0,1,1
456,1204,1032,456,\N,-41.8315,22.2444,2,5,\N,0,1,1
457,1206,1039,457,\N,-4.4946,145.6557,1,5,\N,0,1,1
458,1206,1039,458,\N,14.3275,131.8217,3,5,\N,0,1,1
459,1206,1039,459,\N,-14.2586,141.4512,5,5,\N,0,1,1
460,1206,1039,460,\N,-26.6144,162.7394,6,5,\N,0,1,1
461,1206,1039,461,\N,25.0928,116.3333,2,5,\N,0,1,1
462,1206,1040,462,\N,37.7935,-109.8081,3,5,\N,0,1,1
463,1206,1040,463,\N,36.2636,-137.6774,5,5,\N,0,1,1
464,1206,1040,464,\N,57.2718,-141.9642,6,5,\N,0,1,1
465,1206,1040,465,\N,1.1839,-158.6362,6,5,\N,0,1,1
466,1206,1040,466,\N,75.2973,-78.595,2,5,\N,0,1,1
467,1206,1040,467,\N,16.5024,-43.8116,5,5,\N,0,1,1
468,1206,1040,468,\N,32.3333,-44.386,3,5,\N,0,1,1
469,1206,1041,469,\N,-1.39,111.95,8,5,\N,0,1,1
470,1206,1041,470,\N,-21.93,92.28,8,5,\N,0,1,1
471,1206,1041,471,\N,-28.65,28.65,8,5,\N,0,1,1
472,1206,1041,472,\N,5.25,119.7,8,5,\N,0,1,1
473,1206,1041,473,\N,27.84,87.54,8,5,\N,0,1,1
474,181,102,474,\N,24.9198,-119.9005,8,4,\N,0,1,1
475,1087,961,475,\N,-25.3837,-117.0822,2,5,\N,0,1,1
476,1087,961,476,\N,0.9716,-112.3221,3,5,\N,0,1,1
477,1087,961,477,\N,27.1777,-127.4545,5,5,\N,0,1,1
478,1268,1059,478,\N,-26.4788,3.4345,5,5,\N,0,1,1
479,1268,1059,479,\N,-32.5806,-44.3487,5,5,\N,0,1,1
480,1206,1042,480,\N,3.87,-34.26,2,5,\N,0,1,1
481,1206,1042,481,\N,2.11,-24.21,3,5,\N,0,1,1
482,1206,1042,482,\N,26.22,16.73,5,5,\N,0,1,1
483,1206,1042,483,\N,39.01,43.84,6,5,\N,0,1,1
484,1206,1042,484,\N,-25.8,-97.15,2,5,\N,0,1,1
485,1206,1043,485,\N,-63.77,-179.92,2,5,\N,0,1,1
486,1206,1043,486,\N,-6.33,-156.18,3,5,\N,0,1,1
487,1206,1043,487,\N,-29.59,125.69,5,5,\N,0,1,1
488,1206,1044,488,\N,14.76,-31.54,2,5,\N,0,1,1
489,1206,1044,489,\N,32.14,-34.28,3,5,\N,0,1,1
490,1206,1044,490,\N,29.71,-53.02,5,5,\N,0,1,1
491,1206,1044,491,\N,-59.5,-6.45,6,5,\N,0,1,1
492,1268,1059,492,\N,-32.57,-44.35,5,5,\N,0,1,1
493,1268,1059,493,\N,-16.11,-46.97,6,5,\N,0,1,1
494,1268,1059,494,\N,12.61,-39.17,2,5,\N,0,1,1
495,1268,1059,495,\N,70.64,44.23,3,5,\N,0,1,1
496,1268,1059,496,\N,59.92,11.71,5,5,\N,0,1,1
497,1268,1059,497,\N,50.08,36.08,6,5,\N,0,1,1
498,1268,1059,498,\N,10.81,62.34,2,5,\N,0,1,1
499,1268,1059,499,\N,-15.86,43.62,3,5,\N,0,1,1
500,1268,1059,500,\N,0.81,-26.4,6,5,\N,0,1,1
501,1268,1060,501,\N,-37.44,-75.23,2,5,\N,0,1,1
502,1268,1060,502,\N,-29.68,-97.08,3,5,\N,0,1,1
503,1268,1060,503,\N,-17.14,-109.17,5,5,\N,0,1,1
504,1268,1060,504,\N,-19.41,-119.37,6,5,\N,0,1,1
505,1268,1060,505,\N,-26.12,-127.02,2,5,\N,0,1,1
506,1268,1060,506,\N,-20.64,-151.01,3,5,\N,0,1,1
507,1268,1060,507,\N,-15.67,-157.52,5,5,\N,0,1,1
508,1268,1061,508,\N,4.94,16.55,5,5,\N,0,1,1
509,1268,1061,509,\N,11.01,27.69,3,5,\N,0,1,1
510,1268,1061,510,\N,31.99,29.29,6,5,\N,0,1,1
511,1268,1061,511,\N,26.57,32.19,2,5,\N,0,1,1
512,1268,1061,512,\N,52.18,52.98,3,5,\N,0,1,1
513,1268,1061,513,\N,-34.44,7.59,6,5,\N,0,1,1
514,1268,1061,514,\N,-39.91,30.55,2,5,\N,0,1,1
515,1268,1062,515,\N,24.81,80.63,6,5,\N,0,1,1
516,1268,1062,516,\N,6.51,151.03,3,5,\N,0,1,1
517,1268,1062,517,\N,-11.33,142.87,2,5,\N,0,1,1
518,1268,1062,518,\N,49.25,164.81,5,5,\N,0,1,1
519,661,633,519,\N,40.0352,38.3765,5,5,\N,0,1,1
520,661,634,520,\N,65.9648,116.0247,2,5,\N,0,1,1
521,661,634,521,\N,16.4625,137.5953,6,5,\N,0,1,1
522,661,633,522,\N,-34.2602,44.1267,3,5,\N,0,1,1
523,1224,1049,523,\N,-31.3193,77.4781,6,5,\N,0,1,1
524,1224,1049,524,\N,12.7767,66.2801,5,5,\N,0,1,1
525,1186,1020,525,\N,-7.4432,-51.6301,2,5,\N,0,1,1
526,1186,1020,526,\N,5.4459,-35.0687,3,5,\N,0,1,1
527,1186,1020,527,\N,-26.9331,-103.8032,2,5,\N,0,1,1
528,1224,1047,528,\N,-30.9056,11.9581,5,5,\N,0,1,1
529,1224,1047,529,\N,-13.2696,-46.8866,6,5,\N,0,1,1
530,1224,1048,530,\N,20.4077,-148.1082,5,5,\N,0,1,1
531,1186,1021,531,\N,-34.2677,15.3096,5,5,\N,0,1,1
532,1224,1051,532,\N,40.829,-55.7979,6,5,\N,0,1,1
533,1224,1050,533,\N,-26.4366,-87.2402,5,5,\N,0,1,1
534,1224,1049,534,\N,-53.0091,95.3748,3,5,\N,0,1,1
535,661,633,535,\N,-43.2767,71.0032,5,5,\N,0,1,1
536,1041,931,536,\N,32.1574,82.5026,2,5,\N,0,1,1
537,1041,930,537,\N,-58.7947,-18.3855,3,5,\N,0,1,1
538,1041,930,538,\N,-10.4022,80.203,6,5,\N,0,1,1
539,1041,931,539,\N,-40.134,68.4262,3,5,\N,0,1,1
540,1069,945,540,\N,-16.2436,-101.7626,5,5,\N,0,1,1
541,1069,945,541,\N,1.1039,-164.2756,2,5,\N,0,1,1
542,1069,946,542,\N,36.1885,-105.8278,2,5,\N,0,1,1
543,1069,946,543,\N,46.2022,-82.2584,6,5,\N,0,1,1
544,1069,945,544,\N,-26.9722,-116.7323,6,5,\N,0,1,1
545,661,634,545,\N,4.1912,145.7803,2,5,\N,0,1,1
546,1064,941,546,\N,-46.1555,23.6666,6,5,\N,0,1,1
547,1064,942,547,\N,-16.2879,96.7356,5,5,\N,0,1,1
548,1064,943,548,\N,-43.9531,-22.0333,2,5,\N,0,1,1
549,1064,944,549,\N,-15.6995,-44.7923,6,5,\N,0,1,1
550,1064,943,550,\N,18.6189,-0.0867,5,5,\N,0,1,1
551,1064,943,551,\N,2.4172,1.0993,3,5,\N,0,1,1
552,1064,943,552,\N,-75.3026,-39.7252,6,5,\N,0,1,1
553,1064,943,553,\N,13.7303,-33.7645,6,5,\N,0,1,1
554,1064,941,554,\N,-56.0322,-14.575,2,5,\N,0,1,1
555,1059,939,555,\N,5.55,62.9006,6,5,\N,0,1,1
556,1059,939,556,\N,4.1,84.3244,2,5,\N,0,1,1
557,1059,938,557,\N,-46.9612,-23.1987,6,5,\N,0,1,1
558,1089,962,558,\N,5.8269,-31.387,5,5,\N,0,1,1
559,1089,964,559,\N,-1.2769,143.5569,2,5,\N,0,1,1
560,1089,964,560,\N,-32.0152,171.5291,3,5,\N,0,1,1
561,1089,966,561,\N,27.7723,-141.7879,2,5,\N,0,1,1
562,1089,966,562,\N,-3.4288,-159.9042,6,5,\N,0,1,1
563,1089,963,563,\N,22.8082,-152.5475,3,5,\N,0,1,1
564,1059,937,564,\N,26.0867,91.0445,2,5,\N,0,1,1
565,1059,938,565,\N,-45.0408,46.5689,2,5,\N,0,1,1
566,1059,938,566,\N,-46.1226,50.9781,6,5,\N,0,1,1
567,1059,938,567,\N,-30.9054,45.8516,3,5,\N,0,1,1
568,1059,938,568,\N,-41.2478,23.5331,5,5,\N,0,1,1
569,1089,965,569,\N,-5.5998,-108.7421,2,5,\N,0,1,1
570,1205,1035,570,\N,-29.7802,-1.3533,2,5,\N,0,1,1
571,1205,1035,571,\N,4.0068,-9.9591,5,5,\N,0,1,1
572,1205,1036,572,\N,3.3091,2.0037,6,5,\N,0,1,1
573,1205,1034,573,\N,-12.0118,100.4032,6,5,\N,0,1,1
574,1205,1036,574,\N,19.8856,-42.6451,3,5,\N,0,1,1
575,1205,1034,575,\N,9.1415,139.2499,3,5,\N,0,1,1
576,1205,1034,576,\N,-10.7483,146.4809,5,5,\N,0,1,1
577,1205,1038,577,\N,-4.4022,-162.1798,6,5,\N,0,1,1
578,1681,1493,578,\N,-27.2535,-168.8636,2,1,\N,0,1,1
579,1186,1019,579,\N,-19.2378,-69.0918,6,5,\N,0,1,1
580,1186,1019,580,\N,-22.9644,-106.9924,5,5,\N,0,1,1
581,1186,1019,581,\N,-16.7312,-41.8542,2,5,\N,0,1,1
582,1186,1021,582,\N,-2.7524,66.2803,2,5,\N,0,1,1
583,656,630,583,\N,-31.6725,141.516,8,1,\N,0,1,1
584,1205,1037,584,\N,15.537,61.4922,5,5,\N,0,1,1
585,1249,1055,585,\N,29.3191,35.8275,3,5,\N,0,1,1
586,1249,1055,586,\N,44.7887,49.1391,5,5,\N,0,1,1
587,1249,1056,587,\N,-56.9551,125.6453,3,5,\N,0,1,1
588,1249,1056,588,\N,-30.0114,118.6498,3,5,\N,0,1,1
589,1249,1056,589,\N,-59.073,89.4029,2,5,\N,0,1,1
590,1249,1056,590,\N,-55.1473,128.1325,6,5,\N,0,1,1
591,1249,1055,591,\N,-21.1259,166.7284,8,5,\N,0,1,1
592,1249,1055,592,\N,3.7992,90.4792,6,5,\N,0,1,1
593,1272,1063,593,\N,-1.0422,17.9249,3,5,\N,0,1,1
594,1272,1063,594,\N,9.7511,27.3736,6,5,\N,0,1,1
595,1272,1063,595,\N,-1.6262,103.1614,6,5,\N,0,1,1
596,1272,1064,596,\N,3.533,-26.2757,3,5,\N,0,1,1
597,1272,1064,597,\N,8.3143,-41.0233,5,5,\N,0,1,1
598,1205,1038,598,\N,32.1913,-164.3979,5,5,\N,0,1,1
599,1230,1052,599,\N,0.4684,-110.873,3,5,\N,0,1,1
600,1230,1052,600,\N,12.3987,-110.2391,2,5,\N,0,1,1
601,1230,1052,601,\N,-21.5967,-98.8475,5,5,\N,0,1,1
602,1230,1052,602,\N,36.0466,-106.3085,6,5,\N,0,1,1
603,1230,1052,603,\N,35.9676,-104.404,1,5,\N,0,1,1
604,1230,1052,604,\N,68.9713,-91.6065,5,5,\N,0,1,1
605,1243,1053,605,\N,-65.6864,178.2738,2,5,\N,0,1,1
606,1243,1053,606,\N,-6.3042,139.2638,5,5,\N,0,1,1
607,1037,929,607,\N,16.4669,162.9215,6,5,\N,0,1,1
608,1037,929,608,\N,20.6135,88.3165,3,5,\N,0,1,1
609,1165,1010,609,\N,4.3921,128.2576,3,5,\N,0,1,1
610,1165,1010,610,\N,5.9402,127.1202,1,5,\N,0,1,1
611,1165,1010,611,\N,3.1577,118.6814,2,5,\N,0,1,1
612,1165,1011,612,\N,-37.2445,-48.1918,2,5,\N,0,1,1
613,1165,1011,613,\N,-33.8377,-43.1063,1,5,\N,0,1,1
614,1165,1010,614,\N,18.7867,134.6658,5,5,\N,0,1,1
615,1165,1011,615,\N,13.1032,-34.3245,2,5,\N,0,1,1
616,1165,1011,616,\N,5.8235,-47.111,5,5,\N,0,1,1
617,1041,930,617,\N,-38.9718,68.5638,5,5,\N,0,1,1
618,1165,1011,618,\N,4.3208,-60.0722,6,5,\N,0,1,1
619,938,847,619,\N,-23.59,143.03,8,1,\N,0,1,1
620,1154,1004,620,\N,-57.6778,-13.1466,6,5,\N,0,1,1
621,1274,1065,621,\N,-12.2073,145.7142,2,5,\N,0,1,1
622,1274,1065,622,\N,19.7686,82.5123,6,5,\N,0,1,1
623,1086,959,623,\N,-18.2355,-47.205,5,5,\N,0,1,1
624,613,607,624,\N,-0.1863,-106.3599,2,5,\N,0,1,1
625,613,607,625,\N,10.6686,-99.0924,3,5,\N,0,1,1
626,613,607,626,\N,10.6321,-70.5609,6,5,\N,0,1,1
627,1105,973,627,\N,-4.6523,138.6913,2,1,\N,0,1,1
628,1212,1045,628,\N,-6.7886,-115.3894,3,5,\N,0,1,1
629,1034,928,629,\N,-6.9279,139.352,6,5,\N,0,1,1
630,1087,960,630,\N,-24.4242,26.9047,8,1,\N,0,1,1
631,1123,992,631,\N,20.1784,86.7151,8,1,\N,0,1,1
632,1122,988,632,\N,-1.2187,-0.4291,6,5,\N,0,1,1