-- MariaDB dump 10.17  Distrib 10.5.6-MariaDB, for debian-linux-gnu (x86_64)
--
-- Host: localhost    Database: capiv2_dev
-- ------------------------------------------------------
-- Server version	10.5.6-MariaDB-1:10.5.6+maria~focal

/*!40101 SET @OLD_CHARACTER_SET_CLIENT=@@CHARACTER_SET_CLIENT */;
/*!40101 SET @OLD_CHARACTER_SET_RESULTS=@@CHARACTER_SET_RESULTS */;
/*!40101 SET @OLD_COLLATION_CONNECTION=@@COLLATION_CONNECTION */;
/*!40101 SET NAMES utf8mb4 */;
/*!40103 SET @OLD_TIME_ZONE=@@TIME_ZONE */;
/*!40103 SET TIME_ZONE='+00:00' */;
/*!40014 SET @OLD_UNIQUE_CHECKS=@@UNIQUE_CHECKS, UNIQUE_CHECKS=0 */;
/*!40014 SET @OLD_FOREIGN_KEY_CHECKS=@@FOREIGN_KEY_CHECKS, FOREIGN_KEY_CHECKS=0 */;
/*!40101 SET @OLD_SQL_MODE=@@SQL_MODE, SQL_MODE='NO_AUTO_VALUE_ON_ZERO' */;
/*!40111 SET @OLD_SQL_NOTES=@@SQL_NOTES, SQL_NOTES=0 */;

--
-- Table structure for table `strapi_permission`
--

DROP TABLE IF EXISTS `strapi_permission`;
/*!40101 SET @saved_cs_client     = @@character_set_client */;
/*!40101 SET character_set_client = utf8 */;
CREATE TABLE `strapi_permission` (
  `id` int(10) unsigned NOT NULL AUTO_INCREMENT,
  `action` varchar(255) NOT NULL,
  `subject` varchar(255) DEFAULT NULL,
  `fields` longtext DEFAULT NULL,
  `conditions` longtext DEFAULT NULL,
  `role` int(11) DEFAULT NULL,
  `created_at` timestamp NULL DEFAULT current_timestamp(),
  `updated_at` timestamp NULL DEFAULT current_timestamp(),
  PRIMARY KEY (`id`)
) ENGINE=InnoDB AUTO_INCREMENT=1307 DEFAULT CHARSET=utf8mb4;
/*!40101 SET character_set_client = @saved_cs_client */;

--
-- Dumping data for table `strapi_permission`
--

LOCK TABLES `strapi_permission` WRITE;
/*!40000 ALTER TABLE `strapi_permission` DISABLE KEYS */;
INSERT INTO `strapi_permission` VALUES (747,'plugins::content-manager.explorer.create','application::apreport.apreport','[\"userType\",\"reportType\",\"systemName\",\"systemAddress\",\"regionID\",\"coordX\",\"coordY\",\"coordZ\",\"bodyName\",\"latitude\",\"longitude\",\"type\",\"frontierID\",\"cmdrName\",\"cmdrComment\",\"isBeta\",\"clientVersion\",\"reportStatus\",\"reportComment\",\"voteCount\",\"added\",\"site\"]','[]',1,'2020-10-18 08:51:26','2020-10-18 08:51:26'),(748,'plugins::content-manager.explorer.create','application::aptype.aptype','[\"type\",\"journalName\",\"journalID\"]','[]',1,'2020-10-18 08:51:26','2020-10-18 08:51:26'),(749,'plugins::content-manager.explorer.create','application::apsite.apsite','[\"system\",\"body\",\"siteID\",\"latitude\",\"longitude\",\"type\",\"frontierID\",\"verified\",\"visible\",\"discoveredBy\"]','[]',1,'2020-10-18 08:51:26','2020-10-18 08:51:26'),(750,'plugins::content-manager.explorer.create','application::authtoken.authtoken','[\"token\",\"comment\",\"user\"]','[]',1,'2020-10-18 08:51:26','2020-10-18 08:51:26'),(751,'plugins::content-manager.explorer.create','application::axczfssreport.axczfssreport','[\"cmdrName\",\"systemName\",\"systemAddress\",\"signalName\",\"signalNameLocalised\",\"isBeta\",\"clientVersion\",\"reportStatus\",\"rawJson\"]','[]',1,'2020-10-18 08:51:26','2020-10-18 08:51:26'),(752,'plugins::content-manager.explorer.create','application::bmreport.bmreport','[\"userType\",\"reportType\",\"systemName\",\"systemAddress\",\"regionID\",\"coordX\",\"coordY\",\"coordZ\",\"bodyName\",\"latitude\",\"longitude\",\"type\",\"frontierID\",\"cmdrName\",\"cmdrComment\",\"isBeta\",\"clientVersion\",\"reportStatus\",\"reportComment\",\"voteCount\",\"added\",\"site\"]','[]',1,'2020-10-18 08:51:26','2020-10-18 08:51:26'),(753,'plugins::content-manager.explorer.create','application::bmsite.bmsite','[\"system\",\"body\",\"siteID\",\"latitude\",\"longitude\",\"type\",\"frontierID\",\"verified\",\"visible\",\"discoveredBy\"]','[]',1,'2020-10-18 08:51:26','2020-10-18 08:51:26'),(754,'plugins::content-manager.explorer.create','application::bmtype.bmtype','[\"type\",\"journalName\",\"journalID\"]','[]',1,'2020-10-18 08:51:26','2020-10-18 08:51:26'),(755,'plugins::content-manager.explorer.create','application::body.body','[\"system\",\"bodyName\",\"id64\",\"edsmID\",\"bodyID\",\"type\",\"subType\",\"offset\",\"distanceToArrival\",\"isMainStar\",\"isScoopable\",\"isLandable\",\"age\",\"luminosity\",\"absoluteMagnitude\",\"solarMasses\",\"solarRadius\",\"gravity\",\"earthMasses\",\"radius\",\"surfaceTemperature\",\"surfacePressure\",\"volcanismType\",\"atmosphereType\",\"terraformingState\",\"orbitalPeriod\",\"semiMajorAxis\",\"orbitalEccentricity\",\"orbitalInclination\",\"argOfPeriapsis\",\"rotationalPeriod\",\"rotationalPeriodTidallyLocked\",\"axialTilt\",\"solidComposition\",\"atmosphere\",\"material\",\"missingSkipCount\",\"rings\",\"apsites\",\"bmsites\",\"btsites\",\"cssites\",\"fgsites\",\"fmsites\",\"gbsites\",\"gensites\",\"grsites\",\"gssites\",\"gvsites\",\"gysites\",\"lssites\",\"tbsites\",\"tssites\",\"twsites\"]','[]',1,'2020-10-18 08:51:26','2020-10-18 08:51:26'),(756,'plugins::content-manager.explorer.create','application::btreport.btreport','[\"userType\",\"reportType\",\"systemName\",\"systemAddress\",\"regionID\",\"coordX\",\"coordY\",\"coordZ\",\"bodyName\",\"latitude\",\"longitude\",\"type\",\"frontierID\",\"cmdrName\",\"cmdrComment\",\"isBeta\",\"clientVersion\",\"reportStatus\",\"reportComment\",\"voteCount\",\"added\",\"site\"]','[]',1,'2020-10-18 08:51:26','2020-10-18 08:51:26'),(757,'plugins::content-manager.explorer.create','application::btsite.btsite','[\"system\",\"body\",\"siteID\",\"latitude\",\"longitude\",\"type\",\"frontierID\",\"verified\",\"visible\",\"discoveredBy\"]','[]',1,'2020-10-18 08:51:26','2020-10-18 08:51:26'),(758,'plugins::content-manager.explorer.create','application::bttype.bttype','[\"type\",\"journalName\",\"journalID\"]','[]',1,'2020-10-18 08:51:26','2020-10-18 08:51:26'),(759,'plugins::content-manager.explorer.create','application::clientreport.clientreport','[\"cmdrName\",\"isBeta\",\"autoUpdateDisabled\",\"clientVersion\"]','[]',1,'2020-10-18 08:51:26','2020-10-18 08:51:26'),(760,'plugins::content-manager.explorer.create','application::clientroute.clientroute','[\"clientVersion\",\"route\"]','[]',1,'2020-10-18 08:51:26','2020-10-18 08:51:26'),(761,'plugins::content-manager.explorer.create','application::cmdr.cmdr','[\"cmdrName\",\"cmdrkill\"]','[]',1,'2020-10-18 08:51:26','2020-10-18 08:51:26'),(762,'plugins::content-manager.explorer.create','application::cmdrkill.cmdrkill','[\"scoutKills\",\"cyclopsKills\",\"basiliskKills\",\"medusaKills\",\"unknownKills\",\"scoutRewards\",\"cyclopsRewards\",\"basiliskRewards\",\"medusaRewards\",\"unknownRewards\",\"totalRewards\",\"totalKills\",\"cmdr\"]','[]',1,'2020-10-18 08:51:26','2020-10-18 08:51:26'),(763,'plugins::content-manager.explorer.create','application::csreport.csreport','[\"userType\",\"reportType\",\"systemName\",\"systemAddress\",\"regionID\",\"coordX\",\"coordY\",\"coordZ\",\"bodyName\",\"latitude\",\"longitude\",\"type\",\"frontierID\",\"cmdrName\",\"cmdrComment\",\"isBeta\",\"clientVersion\",\"reportStatus\",\"reportComment\",\"voteCount\",\"added\",\"site\"]','[]',1,'2020-10-18 08:51:26','2020-10-18 08:51:26'),(764,'plugins::content-manager.explorer.create','application::cssite.cssite','[\"system\",\"body\",\"siteID\",\"latitude\",\"longitude\",\"type\",\"frontierID\",\"verified\",\"visible\",\"discoveredBy\"]','[]',1,'2020-10-18 08:51:26','2020-10-18 08:51:26'),(765,'plugins::content-manager.explorer.create','application::cstype.cstype','[\"type\",\"journalName\",\"journalID\"]','[]',1,'2020-10-18 08:51:26','2020-10-18 08:51:26'),(766,'plugins::content-manager.explorer.create','application::excludeclient.excludeclient','[\"version\",\"reason\"]','[]',1,'2020-10-18 08:51:26','2020-10-18 08:51:26'),(767,'plugins::content-manager.explorer.create','application::excludecmdr.excludecmdr','[\"cmdrName\",\"reason\"]','[]',1,'2020-10-18 08:51:26','2020-10-18 08:51:26'),(768,'plugins::content-manager.explorer.create','application::excludecodex.excludecodex','[\"codexName\",\"reason\"]','[]',1,'2020-10-18 08:51:26','2020-10-18 08:51:26'),(769,'plugins::content-manager.explorer.create','application::excludeevent.excludeevent','[\"eventName\",\"reason\"]','[]',1,'2020-10-18 08:51:26','2020-10-18 08:51:26'),(770,'plugins::content-manager.explorer.create','application::excludefss.excludefss','[\"fssName\",\"reason\"]','[]',1,'2020-10-18 08:51:26','2020-10-18 08:51:26'),(771,'plugins::content-manager.explorer.create','application::fgsite.fgsite','[\"system\",\"body\",\"siteID\",\"latitude\",\"longitude\",\"type\",\"frontierID\",\"verified\",\"visible\",\"discoveredBy\"]','[]',1,'2020-10-18 08:51:26','2020-10-18 08:51:26'),(772,'plugins::content-manager.explorer.create','application::fgreport.fgreport','[\"userType\",\"reportType\",\"systemName\",\"systemAddress\",\"regionID\",\"coordX\",\"coordY\",\"coordZ\",\"bodyName\",\"latitude\",\"longitude\",\"type\",\"frontierID\",\"cmdrName\",\"cmdrComment\",\"isBeta\",\"clientVersion\",\"reportStatus\",\"reportComment\",\"voteCount\",\"added\",\"site\"]','[]',1,'2020-10-18 08:51:26','2020-10-18 08:51:26'),(773,'plugins::content-manager.explorer.create','application::fgtype.fgtype','[\"type\",\"journalName\",\"journalID\"]','[]',1,'2020-10-18 08:51:26','2020-10-18 08:51:26'),(774,'plugins::content-manager.explorer.create','application::fmreport.fmreport','[\"userType\",\"reportType\",\"systemName\",\"systemAddress\",\"regionID\",\"coordX\",\"coordY\",\"coordZ\",\"bodyName\",\"latitude\",\"longitude\",\"type\",\"frontierID\",\"cmdrName\",\"cmdrComment\",\"isBeta\",\"clientVersion\",\"reportStatus\",\"reportComment\",\"voteCount\",\"added\",\"site\"]','[]',1,'2020-10-18 08:51:26','2020-10-18 08:51:26'),(775,'plugins::content-manager.explorer.create','application::fmsite.fmsite','[\"system\",\"body\",\"siteID\",\"latitude\",\"longitude\",\"type\",\"frontierID\",\"verified\",\"visible\",\"discoveredBy\"]','[]',1,'2020-10-18 08:51:26','2020-10-18 08:51:26'),(776,'plugins::content-manager.explorer.create','application::fmtype.fmtype','[\"type\",\"journalName\",\"journalID\"]','[]',1,'2020-10-18 08:51:26','2020-10-18 08:51:26'),(777,'plugins::content-manager.explorer.create','application::gbmessage.gbmessage','[\"gbsite\",\"messageSystem\",\"messageBody\",\"latitude\",\"longitude\"]','[]',1,'2020-10-18 08:51:26','2020-10-18 08:51:26'),(778,'plugins::content-manager.explorer.create','application::gbreport.gbreport','[\"userType\",\"reportType\",\"systemName\",\"systemAddress\",\"regionID\",\"coordX\",\"coordY\",\"coordZ\",\"bodyName\",\"messageSystem\",\"messageBody\",\"messageLatitude\",\"messageLongitude\",\"cmdrName\",\"cmdrComment\",\"isBeta\",\"clientVersion\",\"screenshot\",\"reportStatus\",\"reportComment\",\"voteCount\",\"added\",\"site\"]','[]',1,'2020-10-18 08:51:26','2020-10-18 08:51:27'),(779,'plugins::content-manager.explorer.create','application::gbsite.gbsite','[\"system\",\"body\",\"siteID\",\"gssite\",\"verified\",\"visible\",\"gbmessage\",\"discoveredBy\"]','[]',1,'2020-10-18 08:51:26','2020-10-18 08:51:27'),(780,'plugins::content-manager.explorer.create','application::genlog.genlog','[\"gensite\",\"logNumber\",\"logTitle\",\"logBody\",\"audio\"]','[]',1,'2020-10-18 08:51:26','2020-10-18 08:51:27'),(781,'plugins::content-manager.explorer.create','application::genreport.genreport','[\"userType\",\"reportType\",\"systemName\",\"systemAddress\",\"regionID\",\"coordX\",\"coordY\",\"coordZ\",\"orbitBody\",\"shipName\",\"directionSystem\",\"distance\",\"cmdrName\",\"cmdrComment\",\"isBeta\",\"clientVersion\",\"screenshot\",\"reportStatus\",\"reportComment\",\"voteCount\",\"added\",\"site\"]','[]',1,'2020-10-18 08:51:26','2020-10-18 08:51:27'),(782,'plugins::content-manager.explorer.create','application::gensite.gensite','[\"system\",\"body\",\"siteID\",\"shipName\",\"directionSystem\",\"distance\",\"genlogs\",\"discoveredBy\"]','[]',1,'2020-10-18 08:51:26','2020-10-18 08:51:27'),(783,'plugins::content-manager.explorer.create','application::gractivegroup.gractivegroup','[\"grSite\",\"activeGroup\"]','[]',1,'2020-10-18 08:51:26','2020-10-18 08:51:27'),(784,'plugins::content-manager.explorer.create','application::gractiveobelisk.gractiveobelisk','[\"grSite\",\"activeObelisk\"]','[]',1,'2020-10-18 08:51:26','2020-10-18 08:51:27'),(785,'plugins::content-manager.explorer.create','application::grartifact.grartifact','[\"artifactName\"]','[]',1,'2020-10-18 08:51:26','2020-10-18 08:51:27'),(786,'plugins::content-manager.explorer.create','application::grcodexcategory.grcodexcategory','[\"categoryName\"]','[]',1,'2020-10-18 08:51:26','2020-10-18 08:51:27'),(787,'plugins::content-manager.explorer.create','application::grcodexdata.grcodexdata','[\"grCodexCategory\",\"grPrimaryArtifact\",\"grSecondaryArtifact\",\"codexNumber\",\"text\"]','[]',1,'2020-10-18 08:51:26','2020-10-18 08:51:27'),(788,'plugins::content-manager.explorer.create','application::grobelisk.grobelisk','[\"grType\",\"grObeliskGroup\",\"obeliskNumber\",\"broken\",\"grCodexData\",\"verified\"]','[]',1,'2020-10-18 08:51:26','2020-10-18 08:51:27'),(789,'plugins::content-manager.explorer.create','application::grobeliskgroup.grobeliskgroup','[\"grType\",\"groupName\",\"amount\"]','[]',1,'2020-10-18 08:51:26','2020-10-18 08:51:27'),(790,'plugins::content-manager.explorer.create','application::grobeliskreport.grobeliskreport','[\"grreport\",\"groups\",\"obelisks\"]','[]',1,'2020-10-18 08:51:26','2020-10-18 08:51:27'),(791,'plugins::content-manager.explorer.create','application::grreport.grreport','[\"userType\",\"reportType\",\"systemName\",\"systemAddress\",\"regionID\",\"coordX\",\"coordY\",\"coordZ\",\"bodyName\",\"latitude\",\"longitude\",\"type\",\"frontierID\",\"cmdrName\",\"cmdrComment\",\"isBeta\",\"clientVersion\",\"screenshot\",\"reportStatus\",\"reportComment\",\"voteCount\",\"added\",\"site\",\"grobeliskreport\"]','[]',1,'2020-10-18 08:51:26','2020-10-18 08:51:27'),(792,'plugins::content-manager.explorer.create','application::grsite.grsite','[\"system\",\"body\",\"siteID\",\"latitude\",\"longitude\",\"type\",\"frontierID\",\"verified\",\"visible\",\"activeGroups\",\"activeObelisks\",\"discoveredBy\"]','[]',1,'2020-10-18 08:51:26','2020-10-18 08:51:27'),(793,'plugins::content-manager.explorer.create','application::grtype.grtype','[\"type\",\"journalName\"]','[]',1,'2020-10-18 08:51:26','2020-10-18 08:51:27'),(794,'plugins::content-manager.explorer.create','application::gsactivegroup.gsactivegroup','[\"gsSite\",\"activeGroup\"]','[]',1,'2020-10-18 08:51:26','2020-10-18 08:51:27'),(795,'plugins::content-manager.explorer.create','application::gsactiveobelisk.gsactiveobelisk','[\"gsSite\",\"activeObelisk\"]','[]',1,'2020-10-18 08:51:26','2020-10-18 08:51:27'),(796,'plugins::content-manager.explorer.create','application::gsartifact.gsartifact','[\"artifactName\"]','[]',1,'2020-10-18 08:51:26','2020-10-18 08:51:27'),(797,'plugins::content-manager.explorer.create','application::gscodexcategory.gscodexcategory','[\"categoryName\"]','[]',1,'2020-10-18 08:51:27','2020-10-18 08:51:27'),(798,'plugins::content-manager.explorer.create','application::gscodexdata.gscodexdata','[\"gsCodexCategory\",\"gsPrimaryArtifact\",\"gsSecondaryArtifact\",\"codexNumber\",\"text\",\"audio\"]','[]',1,'2020-10-18 08:51:27','2020-10-18 08:51:27'),(799,'plugins::content-manager.explorer.create','application::gsobeliskgroup.gsobeliskgroup','[\"gsType\",\"groupName\",\"amount\"]','[]',1,'2020-10-18 08:51:27','2020-10-18 08:51:27'),(800,'plugins::content-manager.explorer.create','application::gsobelisk.gsobelisk','[\"gsType\",\"gsObeliskGroup\",\"obeliskNumber\",\"broken\",\"gsCodexData\",\"verified\"]','[]',1,'2020-10-18 08:51:27','2020-10-18 08:51:27'),(801,'plugins::content-manager.explorer.create','application::gsobeliskreport.gsobeliskreport','[\"gsreport\",\"groups\",\"obelisks\"]','[]',1,'2020-10-18 08:51:27','2020-10-18 08:51:27'),(802,'plugins::content-manager.explorer.create','application::gssite.gssite','[\"system\",\"body\",\"siteID\",\"latitude\",\"longitude\",\"type\",\"frontierID\",\"verified\",\"visible\",\"activeGroups\",\"activeObelisks\",\"discoveredBy\"]','[]',1,'2020-10-18 08:51:27','2020-10-18 08:51:27'),(803,'plugins::content-manager.explorer.create','application::gsreport.gsreport','[\"userType\",\"reportType\",\"systemName\",\"systemAddress\",\"regionID\",\"coordX\",\"coordY\",\"coordZ\",\"bodyName\",\"latitude\",\"longitude\",\"type\",\"frontierID\",\"cmdrName\",\"cmdrComment\",\"isBeta\",\"clientVersion\",\"screenshot\",\"reportStatus\",\"reportComment\",\"voteCount\",\"added\",\"site\",\"gsobeliskreport\"]','[]',1,'2020-10-18 08:51:27','2020-10-18 08:51:27'),(804,'plugins::content-manager.explorer.create','application::gstype.gstype','[\"type\",\"journalName\",\"blueprint\"]','[]',1,'2020-10-18 08:51:27','2020-10-18 08:51:27'),(805,'plugins::content-manager.explorer.create','application::gvreport.gvreport','[\"userType\",\"reportType\",\"systemName\",\"systemAddress\",\"regionID\",\"coordX\",\"coordY\",\"coordZ\",\"bodyName\",\"latitude\",\"longitude\",\"type\",\"frontierID\",\"cmdrName\",\"cmdrComment\",\"isBeta\",\"clientVersion\",\"reportStatus\",\"reportComment\",\"voteCount\",\"added\",\"site\"]','[]',1,'2020-10-18 08:51:27','2020-10-18 08:51:27'),(806,'plugins::content-manager.explorer.create','application::gvsite.gvsite','[\"system\",\"body\",\"siteID\",\"latitude\",\"longitude\",\"type\",\"frontierID\",\"verified\",\"visible\",\"discoveredBy\"]','[]',1,'2020-10-18 08:51:27','2020-10-18 08:51:27'),(807,'plugins::content-manager.explorer.create','application::gvtype.gvtype','[\"type\",\"journalName\",\"journalID\"]','[]',1,'2020-10-18 08:51:27','2020-10-18 08:51:27'),(808,'plugins::content-manager.explorer.create','application::gyreport.gyreport','[\"userType\",\"reportType\",\"systemName\",\"systemAddress\",\"regionID\",\"coordX\",\"coordY\",\"coordZ\",\"bodyName\",\"latitude\",\"longitude\",\"type\",\"frontierID\",\"cmdrName\",\"cmdrComment\",\"isBeta\",\"clientVersion\",\"reportStatus\",\"reportComment\",\"voteCount\",\"added\",\"site\"]','[]',1,'2020-10-18 08:51:27','2020-10-18 08:51:27'),(809,'plugins::content-manager.explorer.create','application::gysite.gysite','[\"system\",\"body\",\"siteID\",\"latitude\",\"longitude\",\"type\",\"frontierID\",\"verified\",\"visible\",\"discoveredBy\"]','[]',1,'2020-10-18 08:51:27','2020-10-18 08:51:27'),(810,'plugins::content-manager.explorer.create','application::gytype.gytype','[\"type\",\"journalName\",\"journalID\"]','[]',1,'2020-10-18 08:51:27','2020-10-18 08:51:27'),(811,'plugins::content-manager.explorer.create','application::hdreport.hdreport','[\"fromSystemName\",\"toSystemName\",\"cmdrName\",\"cmdrComment\",\"screenshot\",\"isBeta\",\"clientVersion\",\"reportStatus\",\"reportComment\",\"hdRawJson\"]','[]',1,'2020-10-18 08:51:27','2020-10-18 08:51:27'),(812,'plugins::content-manager.explorer.create','application::killreport.killreport','[\"systemName\",\"edTimestamp\",\"cmdrName\",\"reward\",\"rewardingFaction\",\"victimFaction\",\"rawEvent\",\"isBeta\",\"clientVersion\",\"reportAccepted\"]','[]',1,'2020-10-18 08:51:27','2020-10-18 08:51:27'),(813,'plugins::content-manager.explorer.create','application::lcfssreport.lcfssreport','[\"cmdrName\",\"systemName\",\"systemAddress\",\"signalName\",\"signalNameLocalised\",\"isBeta\",\"clientVersion\",\"reportStatus\",\"rawJson\"]','[]',1,'2020-10-18 08:51:27','2020-10-18 08:51:27'),(814,'plugins::content-manager.explorer.create','application::lsreport.lsreport','[\"userType\",\"reportType\",\"systemName\",\"systemAddress\",\"regionID\",\"coordX\",\"coordY\",\"coordZ\",\"bodyName\",\"latitude\",\"longitude\",\"type\",\"frontierID\",\"cmdrName\",\"cmdrComment\",\"isBeta\",\"clientVersion\",\"reportStatus\",\"reportComment\",\"voteCount\",\"added\",\"site\"]','[]',1,'2020-10-18 08:51:27','2020-10-18 08:51:27'),(815,'plugins::content-manager.explorer.create','application::lssite.lssite','[\"system\",\"body\",\"siteID\",\"latitude\",\"longitude\",\"type\",\"frontierID\",\"verified\",\"visible\",\"discoveredBy\"]','[]',1,'2020-10-18 08:51:27','2020-10-18 08:51:27'),(816,'plugins::content-manager.explorer.create','application::lstype.lstype','[\"type\",\"journalName\",\"journalID\"]','[]',1,'2020-10-18 08:51:27','2020-10-18 08:51:27'),(817,'plugins::content-manager.explorer.create','application::materialreport.materialreport','[\"system\",\"coordX\",\"coordY\",\"coordZ\",\"body\",\"distanceFromMainStar\",\"latitude\",\"longitude\",\"category\",\"journalName\",\"count\",\"factionState\",\"factionAllegiance\",\"collectedFrom\",\"isBeta\",\"clientVersion\"]','[]',1,'2020-10-18 08:51:27','2020-10-18 08:51:27'),(818,'plugins::content-manager.explorer.create','application::nhssreport.nhssreport','[\"systemName\",\"threatLevel\",\"cmdrName\",\"cmdrComment\",\"isBeta\",\"clientVersion\",\"reportStatus\",\"reportComment\",\"added\",\"nhssRawJson\"]','[]',1,'2020-10-18 08:51:27','2020-10-18 08:51:27'),(819,'plugins::content-manager.explorer.create','application::permitlock.permitlock','[\"system\",\"region\",\"sector\",\"coordX\",\"coordY\",\"coordZ\"]','[]',1,'2020-10-18 08:51:27','2020-10-18 08:51:27'),(820,'plugins::content-manager.explorer.create','application::point-of-interest.point-of-interest','[\"systemName\",\"bodyName\",\"notes\",\"edsmCoordX\",\"edsmCoordY\",\"edsmCoordZ\",\"poiType\"]','[]',1,'2020-10-18 08:51:27','2020-10-18 08:51:27'),(821,'plugins::content-manager.explorer.create','application::region.region','[\"name\",\"journalName\",\"regionID\"]','[]',1,'2020-10-18 08:51:27','2020-10-18 08:51:27'),(822,'plugins::content-manager.explorer.create','application::reportcodex.reportcodex','[\"cmdrName\",\"systemName\",\"bodyName\",\"systemAddress\",\"coordX\",\"coordY\",\"coordZ\",\"latitude\",\"longitude\",\"frontierID\",\"entryId\",\"codexName\",\"codexNameLocalised\",\"subCategory\",\"subCategoryLocalised\",\"category\",\"categoryLocalised\",\"regionName\",\"regionLocalised\",\"voucherAmount\",\"isBeta\",\"clientVersion\",\"reportStatus\",\"rawJson\"]','[]',1,'2020-10-18 08:51:27','2020-10-18 08:51:27'),(823,'plugins::content-manager.explorer.create','application::reportevent.reportevent','[\"eventName\",\"eventAltName\",\"cmdrName\",\"systemName\",\"bodyName\",\"stationName\",\"latitude\",\"longitude\",\"isBeta\",\"clientVersion\",\"reportStatus\",\"rawJson\"]','[]',1,'2020-10-18 08:51:27','2020-10-18 08:51:27'),(824,'plugins::content-manager.explorer.create','application::reportfss.reportfss','[\"cmdrName\",\"systemName\",\"systemAddress\",\"signalName\",\"signalNameLocalised\",\"ussType\",\"ussTypeLocalised\",\"spawningState\",\"spawningStateLocalised\",\"spawningFaction\",\"threatLevel\",\"isBeta\",\"clientVersion\",\"reportStatus\",\"rawJson\"]','[]',1,'2020-10-18 08:51:27','2020-10-18 08:51:27'),(825,'plugins::content-manager.explorer.create','application::reporttype.reporttype','[\"type\",\"location\",\"journalName\",\"journalID\",\"journalType\",\"endpoint\"]','[]',1,'2020-10-18 08:51:27','2020-10-18 08:51:27'),(826,'plugins::content-manager.explorer.create','application::ring.ring','[\"body\",\"ringName\",\"type\",\"mass\",\"innerRadius\",\"outerRadius\"]','[]',1,'2020-10-18 08:51:27','2020-10-18 08:51:27'),(827,'plugins::content-manager.explorer.create','application::system.system','[\"systemName\",\"id64\",\"edsmID\",\"edsmCoordX\",\"edsmCoordY\",\"edsmCoordZ\",\"edsmCoordLocked\",\"missingSkipCount\",\"bodies\",\"region\",\"primaryStar\",\"apsites\",\"bmsites\",\"btsites\",\"cssites\",\"fgsites\",\"fmsites\",\"gbsites\",\"gensites\",\"grsites\",\"gssites\",\"gvsites\",\"gysites\",\"lssites\",\"tbsites\",\"tssites\",\"twsites\"]','[]',1,'2020-10-18 08:51:27','2020-10-18 08:51:27'),(828,'plugins::content-manager.explorer.create','application::tbcycle.tbcycle','[\"cycle\"]','[]',1,'2020-10-18 08:51:27','2020-10-18 08:51:27'),(829,'plugins::content-manager.explorer.create','application::tbreport.tbreport','[\"userType\",\"reportType\",\"systemName\",\"systemAddress\",\"regionID\",\"coordX\",\"coordY\",\"coordZ\",\"bodyName\",\"latitude\",\"longitude\",\"type\",\"subtype\",\"cycle\",\"frontierID\",\"cmdrName\",\"cmdrComment\",\"isBeta\",\"clientVersion\",\"screenshot\",\"reportStatus\",\"reportComment\",\"voteCount\",\"added\",\"site\"]','[]',1,'2020-10-18 08:51:27','2020-10-18 08:51:27'),(830,'plugins::content-manager.explorer.create','application::tbsite.tbsite','[\"system\",\"body\",\"siteID\",\"latitude\",\"longitude\",\"type\",\"subtype\",\"frontierID\",\"cycle\",\"comment\",\"verified\",\"visible\",\"discoveredBy\"]','[]',1,'2020-10-18 08:51:27','2020-10-18 08:51:27'),(831,'plugins::content-manager.explorer.create','application::tbsubtype.tbsubtype','[\"type\",\"metaAlloyCount\"]','[]',1,'2020-10-18 08:51:27','2020-10-18 08:51:27'),(832,'plugins::content-manager.explorer.create','application::tbtype.tbtype','[\"type\",\"journalName\",\"journalID\"]','[]',1,'2020-10-18 08:51:27','2020-10-18 08:51:27'),(833,'plugins::content-manager.explorer.create','application::tsreport.tsreport','[\"userType\",\"reportType\",\"systemName\",\"systemAddress\",\"regionID\",\"coordX\",\"coordY\",\"coordZ\",\"bodyName\",\"latitude\",\"longitude\",\"status\",\"cmdrName\",\"cmdrComment\",\"isBeta\",\"clientVersion\",\"screenshot\",\"reportStatus\",\"reportComment\",\"voteCount\",\"added\",\"site\"]','[]',1,'2020-10-18 08:51:27','2020-10-18 08:51:27'),(834,'plugins::content-manager.explorer.create','application::tssite.tssite','[\"system\",\"body\",\"siteID\",\"latitude\",\"longitude\",\"status\",\"verified\",\"visible\",\"msg1Site\",\"msg2Site\",\"msg3Site\",\"discoveredBy\"]','[]',1,'2020-10-18 08:51:27','2020-10-18 08:51:27'),(835,'plugins::content-manager.explorer.create','application::tsstatus.tsstatus','[\"status\"]','[]',1,'2020-10-18 08:51:27','2020-10-18 08:51:27'),(836,'plugins::content-manager.explorer.create','application::twreport.twreport','[\"userType\",\"reportType\",\"systemName\",\"systemAddress\",\"regionID\",\"coordX\",\"coordY\",\"coordZ\",\"bodyName\",\"latitude\",\"longitude\",\"type\",\"frontierID\",\"cmdrName\",\"cmdrComment\",\"isBeta\",\"clientVersion\",\"reportStatus\",\"reportComment\",\"voteCount\",\"added\",\"site\"]','[]',1,'2020-10-18 08:51:27','2020-10-18 08:51:27'),(837,'plugins::content-manager.explorer.create','application::twsite.twsite','[\"system\",\"body\",\"siteID\",\"latitude\",\"longitude\",\"type\",\"frontierID\",\"verified\",\"visible\",\"discoveredBy\"]','[]',1,'2020-10-18 08:51:27','2020-10-18 08:51:27'),(838,'plugins::content-manager.explorer.create','application::twtype.twtype','[\"type\",\"journalName\",\"journalID\"]','[]',1,'2020-10-18 08:51:27','2020-10-18 08:51:27'),(839,'plugins::content-manager.explorer.create','plugins::users-permissions.user','[\"username\",\"email\",\"provider\",\"password\",\"resetPasswordToken\",\"confirmed\",\"blocked\",\"role\",\"confirmationToken\",\"cmdrs\",\"authtokens\"]','[]',1,'2020-10-18 08:51:27','2020-10-18 08:51:27'),(840,'plugins::content-manager.explorer.read','application::apreport.apreport','[\"userType\",\"reportType\",\"systemName\",\"systemAddress\",\"regionID\",\"coordX\",\"coordY\",\"coordZ\",\"bodyName\",\"latitude\",\"longitude\",\"type\",\"frontierID\",\"cmdrName\",\"cmdrComment\",\"isBeta\",\"clientVersion\",\"reportStatus\",\"reportComment\",\"voteCount\",\"added\",\"site\"]','[]',1,'2020-10-18 08:51:27','2020-10-18 08:51:27'),(841,'plugins::content-manager.explorer.read','application::apsite.apsite','[\"system\",\"body\",\"siteID\",\"latitude\",\"longitude\",\"type\",\"frontierID\",\"verified\",\"visible\",\"discoveredBy\"]','[]',1,'2020-10-18 08:51:27','2020-10-18 08:51:27'),(842,'plugins::content-manager.explorer.read','application::aptype.aptype','[\"type\",\"journalName\",\"journalID\"]','[]',1,'2020-10-18 08:51:27','2020-10-18 08:51:27'),(843,'plugins::content-manager.explorer.read','application::authtoken.authtoken','[\"token\",\"comment\",\"user\"]','[]',1,'2020-10-18 08:51:27','2020-10-18 08:51:27'),(844,'plugins::content-manager.explorer.read','application::axczfssreport.axczfssreport','[\"cmdrName\",\"systemName\",\"systemAddress\",\"signalName\",\"signalNameLocalised\",\"isBeta\",\"clientVersion\",\"reportStatus\",\"rawJson\"]','[]',1,'2020-10-18 08:51:27','2020-10-18 08:51:27'),(845,'plugins::content-manager.explorer.read','application::bmreport.bmreport','[\"userType\",\"reportType\",\"systemName\",\"systemAddress\",\"regionID\",\"coordX\",\"coordY\",\"coordZ\",\"bodyName\",\"latitude\",\"longitude\",\"type\",\"frontierID\",\"cmdrName\",\"cmdrComment\",\"isBeta\",\"clientVersion\",\"reportStatus\",\"reportComment\",\"voteCount\",\"added\",\"site\"]','[]',1,'2020-10-18 08:51:27','2020-10-18 08:51:27'),(846,'plugins::content-manager.explorer.read','application::bmsite.bmsite','[\"system\",\"body\",\"siteID\",\"latitude\",\"longitude\",\"type\",\"frontierID\",\"verified\",\"visible\",\"discoveredBy\"]','[]',1,'2020-10-18 08:51:27','2020-10-18 08:51:27'),(847,'plugins::content-manager.explorer.read','application::bmtype.bmtype','[\"type\",\"journalName\",\"journalID\"]','[]',1,'2020-10-18 08:51:27','2020-10-18 08:51:27'),(848,'plugins::content-manager.explorer.read','application::btreport.btreport','[\"userType\",\"reportType\",\"systemName\",\"systemAddress\",\"regionID\",\"coordX\",\"coordY\",\"coordZ\",\"bodyName\",\"latitude\",\"longitude\",\"type\",\"frontierID\",\"cmdrName\",\"cmdrComment\",\"isBeta\",\"clientVersion\",\"reportStatus\",\"reportComment\",\"voteCount\",\"added\",\"site\"]','[]',1,'2020-10-18 08:51:27','2020-10-18 08:51:27'),(849,'plugins::content-manager.explorer.read','application::body.body','[\"system\",\"bodyName\",\"id64\",\"edsmID\",\"bodyID\",\"type\",\"subType\",\"offset\",\"distanceToArrival\",\"isMainStar\",\"isScoopable\",\"isLandable\",\"age\",\"luminosity\",\"absoluteMagnitude\",\"solarMasses\",\"solarRadius\",\"gravity\",\"earthMasses\",\"radius\",\"surfaceTemperature\",\"surfacePressure\",\"volcanismType\",\"atmosphereType\",\"terraformingState\",\"orbitalPeriod\",\"semiMajorAxis\",\"orbitalEccentricity\",\"orbitalInclination\",\"argOfPeriapsis\",\"rotationalPeriod\",\"rotationalPeriodTidallyLocked\",\"axialTilt\",\"solidComposition\",\"atmosphere\",\"material\",\"missingSkipCount\",\"rings\",\"apsites\",\"bmsites\",\"btsites\",\"cssites\",\"fgsites\",\"fmsites\",\"gbsites\",\"gensites\",\"grsites\",\"gssites\",\"gvsites\",\"gysites\",\"lssites\",\"tbsites\",\"tssites\",\"twsites\"]','[]',1,'2020-10-18 08:51:27','2020-10-18 08:51:27'),(850,'plugins::content-manager.explorer.read','application::btsite.btsite','[\"system\",\"body\",\"siteID\",\"latitude\",\"longitude\",\"type\",\"frontierID\",\"verified\",\"visible\",\"discoveredBy\"]','[]',1,'2020-10-18 08:51:27','2020-10-18 08:51:27'),(851,'plugins::content-manager.explorer.read','application::bttype.bttype','[\"type\",\"journalName\",\"journalID\"]','[]',1,'2020-10-18 08:51:27','2020-10-18 08:51:27'),(852,'plugins::content-manager.explorer.read','application::clientreport.clientreport','[\"cmdrName\",\"isBeta\",\"autoUpdateDisabled\",\"clientVersion\"]','[]',1,'2020-10-18 08:51:27','2020-10-18 08:51:27'),(853,'plugins::content-manager.explorer.read','application::clientroute.clientroute','[\"clientVersion\",\"route\"]','[]',1,'2020-10-18 08:51:27','2020-10-18 08:51:27'),(854,'plugins::content-manager.explorer.read','application::cmdr.cmdr','[\"cmdrName\",\"cmdrkill\"]','[]',1,'2020-10-18 08:51:27','2020-10-18 08:51:27'),(855,'plugins::content-manager.explorer.read','application::cmdrkill.cmdrkill','[\"scoutKills\",\"cyclopsKills\",\"basiliskKills\",\"medusaKills\",\"unknownKills\",\"scoutRewards\",\"cyclopsRewards\",\"basiliskRewards\",\"medusaRewards\",\"unknownRewards\",\"totalRewards\",\"totalKills\",\"cmdr\"]','[]',1,'2020-10-18 08:51:27','2020-10-18 08:51:27'),(856,'plugins::content-manager.explorer.read','application::csreport.csreport','[\"userType\",\"reportType\",\"systemName\",\"systemAddress\",\"regionID\",\"coordX\",\"coordY\",\"coordZ\",\"bodyName\",\"latitude\",\"longitude\",\"type\",\"frontierID\",\"cmdrName\",\"cmdrComment\",\"isBeta\",\"clientVersion\",\"reportStatus\",\"reportComment\",\"voteCount\",\"added\",\"site\"]','[]',1,'2020-10-18 08:51:27','2020-10-18 08:51:27'),(857,'plugins::content-manager.explorer.read','application::cssite.cssite','[\"system\",\"body\",\"siteID\",\"latitude\",\"longitude\",\"type\",\"frontierID\",\"verified\",\"visible\",\"discoveredBy\"]','[]',1,'2020-10-18 08:51:27','2020-10-18 08:51:27'),(858,'plugins::content-manager.explorer.read','application::cstype.cstype','[\"type\",\"journalName\",\"journalID\"]','[]',1,'2020-10-18 08:51:27','2020-10-18 08:51:27'),(859,'plugins::content-manager.explorer.read','application::excludeclient.excludeclient','[\"version\",\"reason\"]','[]',1,'2020-10-18 08:51:27','2020-10-18 08:51:27'),(860,'plugins::content-manager.explorer.read','application::excludecmdr.excludecmdr','[\"cmdrName\",\"reason\"]','[]',1,'2020-10-18 08:51:27','2020-10-18 08:51:27'),(861,'plugins::content-manager.explorer.read','application::excludecodex.excludecodex','[\"codexName\",\"reason\"]','[]',1,'2020-10-18 08:51:27','2020-10-18 08:51:27'),(862,'plugins::content-manager.explorer.read','application::excludeevent.excludeevent','[\"eventName\",\"reason\"]','[]',1,'2020-10-18 08:51:27','2020-10-18 08:51:27'),(863,'plugins::content-manager.explorer.read','application::excludefss.excludefss','[\"fssName\",\"reason\"]','[]',1,'2020-10-18 08:51:27','2020-10-18 08:51:27'),(864,'plugins::content-manager.explorer.read','application::fgreport.fgreport','[\"userType\",\"reportType\",\"systemName\",\"systemAddress\",\"regionID\",\"coordX\",\"coordY\",\"coordZ\",\"bodyName\",\"latitude\",\"longitude\",\"type\",\"frontierID\",\"cmdrName\",\"cmdrComment\",\"isBeta\",\"clientVersion\",\"reportStatus\",\"reportComment\",\"voteCount\",\"added\",\"site\"]','[]',1,'2020-10-18 08:51:27','2020-10-18 08:51:27'),(865,'plugins::content-manager.explorer.read','application::fgsite.fgsite','[\"system\",\"body\",\"siteID\",\"latitude\",\"longitude\",\"type\",\"frontierID\",\"verified\",\"visible\",\"discoveredBy\"]','[]',1,'2020-10-18 08:51:27','2020-10-18 08:51:27'),(866,'plugins::content-manager.explorer.read','application::fgtype.fgtype','[\"type\",\"journalName\",\"journalID\"]','[]',1,'2020-10-18 08:51:27','2020-10-18 08:51:27'),(867,'plugins::content-manager.explorer.read','application::fmreport.fmreport','[\"userType\",\"reportType\",\"systemName\",\"systemAddress\",\"regionID\",\"coordX\",\"coordY\",\"coordZ\",\"bodyName\",\"latitude\",\"longitude\",\"type\",\"frontierID\",\"cmdrName\",\"cmdrComment\",\"isBeta\",\"clientVersion\",\"reportStatus\",\"reportComment\",\"voteCount\",\"added\",\"site\"]','[]',1,'2020-10-18 08:51:27','2020-10-18 08:51:27'),(868,'plugins::content-manager.explorer.read','application::fmsite.fmsite','[\"system\",\"body\",\"siteID\",\"latitude\",\"longitude\",\"type\",\"frontierID\",\"verified\",\"visible\",\"discoveredBy\"]','[]',1,'2020-10-18 08:51:27','2020-10-18 08:51:27'),(869,'plugins::content-manager.explorer.read','application::fmtype.fmtype','[\"type\",\"journalName\",\"journalID\"]','[]',1,'2020-10-18 08:51:27','2020-10-18 08:51:27'),(870,'plugins::content-manager.explorer.read','application::gbmessage.gbmessage','[\"gbsite\",\"messageSystem\",\"messageBody\",\"latitude\",\"longitude\"]','[]',1,'2020-10-18 08:51:27','2020-10-18 08:51:27'),(871,'plugins::content-manager.explorer.read','application::gbreport.gbreport','[\"userType\",\"reportType\",\"systemName\",\"systemAddress\",\"regionID\",\"coordX\",\"coordY\",\"coordZ\",\"bodyName\",\"messageSystem\",\"messageBody\",\"messageLatitude\",\"messageLongitude\",\"cmdrName\",\"cmdrComment\",\"isBeta\",\"clientVersion\",\"screenshot\",\"reportStatus\",\"reportComment\",\"voteCount\",\"added\",\"site\"]','[]',1,'2020-10-18 08:51:27','2020-10-18 08:51:27'),(872,'plugins::content-manager.explorer.read','application::genlog.genlog','[\"gensite\",\"logNumber\",\"logTitle\",\"logBody\",\"audio\"]','[]',1,'2020-10-18 08:51:27','2020-10-18 08:51:27'),(873,'plugins::content-manager.explorer.read','application::genreport.genreport','[\"userType\",\"reportType\",\"systemName\",\"systemAddress\",\"regionID\",\"coordX\",\"coordY\",\"coordZ\",\"orbitBody\",\"shipName\",\"directionSystem\",\"distance\",\"cmdrName\",\"cmdrComment\",\"isBeta\",\"clientVersion\",\"screenshot\",\"reportStatus\",\"reportComment\",\"voteCount\",\"added\",\"site\"]','[]',1,'2020-10-18 08:51:27','2020-10-18 08:51:27'),(874,'plugins::content-manager.explorer.read','application::gensite.gensite','[\"system\",\"body\",\"siteID\",\"shipName\",\"directionSystem\",\"distance\",\"genlogs\",\"discoveredBy\"]','[]',1,'2020-10-18 08:51:27','2020-10-18 08:51:27'),(875,'plugins::content-manager.explorer.read','application::gractivegroup.gractivegroup','[\"grSite\",\"activeGroup\"]','[]',1,'2020-10-18 08:51:27','2020-10-18 08:51:27'),(876,'plugins::content-manager.explorer.read','application::gractiveobelisk.gractiveobelisk','[\"grSite\",\"activeObelisk\"]','[]',1,'2020-10-18 08:51:27','2020-10-18 08:51:27'),(877,'plugins::content-manager.explorer.read','application::grartifact.grartifact','[\"artifactName\"]','[]',1,'2020-10-18 08:51:27','2020-10-18 08:51:27'),(878,'plugins::content-manager.explorer.read','application::grcodexcategory.grcodexcategory','[\"categoryName\"]','[]',1,'2020-10-18 08:51:27','2020-10-18 08:51:27'),(879,'plugins::content-manager.explorer.read','application::grcodexdata.grcodexdata','[\"grCodexCategory\",\"grPrimaryArtifact\",\"grSecondaryArtifact\",\"codexNumber\",\"text\"]','[]',1,'2020-10-18 08:51:27','2020-10-18 08:51:27'),(880,'plugins::content-manager.explorer.read','application::grobelisk.grobelisk','[\"grType\",\"grObeliskGroup\",\"obeliskNumber\",\"broken\",\"grCodexData\",\"verified\"]','[]',1,'2020-10-18 08:51:27','2020-10-18 08:51:27'),(881,'plugins::content-manager.explorer.read','application::grobeliskgroup.grobeliskgroup','[\"grType\",\"groupName\",\"amount\"]','[]',1,'2020-10-18 08:51:27','2020-10-18 08:51:27'),(882,'plugins::content-manager.explorer.read','application::grobeliskreport.grobeliskreport','[\"grreport\",\"groups\",\"obelisks\"]','[]',1,'2020-10-18 08:51:27','2020-10-18 08:51:27'),(883,'plugins::content-manager.explorer.read','application::grreport.grreport','[\"userType\",\"reportType\",\"systemName\",\"systemAddress\",\"regionID\",\"coordX\",\"coordY\",\"coordZ\",\"bodyName\",\"latitude\",\"longitude\",\"type\",\"frontierID\",\"cmdrName\",\"cmdrComment\",\"isBeta\",\"clientVersion\",\"screenshot\",\"reportStatus\",\"reportComment\",\"voteCount\",\"added\",\"site\",\"grobeliskreport\"]','[]',1,'2020-10-18 08:51:27','2020-10-18 08:51:27'),(884,'plugins::content-manager.explorer.read','application::grsite.grsite','[\"system\",\"body\",\"siteID\",\"latitude\",\"longitude\",\"type\",\"frontierID\",\"verified\",\"visible\",\"activeGroups\",\"activeObelisks\",\"discoveredBy\"]','[]',1,'2020-10-18 08:51:27','2020-10-18 08:51:27'),(885,'plugins::content-manager.explorer.read','application::grtype.grtype','[\"type\",\"journalName\"]','[]',1,'2020-10-18 08:51:27','2020-10-18 08:51:27'),(886,'plugins::content-manager.explorer.read','application::gsactivegroup.gsactivegroup','[\"gsSite\",\"activeGroup\"]','[]',1,'2020-10-18 08:51:27','2020-10-18 08:51:27'),(887,'plugins::content-manager.explorer.read','application::gsactiveobelisk.gsactiveobelisk','[\"gsSite\",\"activeObelisk\"]','[]',1,'2020-10-18 08:51:27','2020-10-18 08:51:27'),(888,'plugins::content-manager.explorer.read','application::gsartifact.gsartifact','[\"artifactName\"]','[]',1,'2020-10-18 08:51:27','2020-10-18 08:51:27'),(889,'plugins::content-manager.explorer.read','application::gscodexcategory.gscodexcategory','[\"categoryName\"]','[]',1,'2020-10-18 08:51:27','2020-10-18 08:51:27'),(890,'plugins::content-manager.explorer.read','application::gscodexdata.gscodexdata','[\"gsCodexCategory\",\"gsPrimaryArtifact\",\"gsSecondaryArtifact\",\"codexNumber\",\"text\",\"audio\"]','[]',1,'2020-10-18 08:51:27','2020-10-18 08:51:27'),(891,'plugins::content-manager.explorer.read','application::gsobelisk.gsobelisk','[\"gsType\",\"gsObeliskGroup\",\"obeliskNumber\",\"broken\",\"gsCodexData\",\"verified\"]','[]',1,'2020-10-18 08:51:27','2020-10-18 08:51:27'),(892,'plugins::content-manager.explorer.read','application::gsobeliskgroup.gsobeliskgroup','[\"gsType\",\"groupName\",\"amount\"]','[]',1,'2020-10-18 08:51:27','2020-10-18 08:51:27'),(893,'plugins::content-manager.explorer.read','application::gsobeliskreport.gsobeliskreport','[\"gsreport\",\"groups\",\"obelisks\"]','[]',1,'2020-10-18 08:51:27','2020-10-18 08:51:27'),(894,'plugins::content-manager.explorer.read','application::gsreport.gsreport','[\"userType\",\"reportType\",\"systemName\",\"systemAddress\",\"regionID\",\"coordX\",\"coordY\",\"coordZ\",\"bodyName\",\"latitude\",\"longitude\",\"type\",\"frontierID\",\"cmdrName\",\"cmdrComment\",\"isBeta\",\"clientVersion\",\"screenshot\",\"reportStatus\",\"reportComment\",\"voteCount\",\"added\",\"site\",\"gsobeliskreport\"]','[]',1,'2020-10-18 08:51:27','2020-10-18 08:51:27'),(895,'plugins::content-manager.explorer.read','application::gssite.gssite','[\"system\",\"body\",\"siteID\",\"latitude\",\"longitude\",\"type\",\"frontierID\",\"verified\",\"visible\",\"activeGroups\",\"activeObelisks\",\"discoveredBy\"]','[]',1,'2020-10-18 08:51:27','2020-10-18 08:51:27'),(896,'plugins::content-manager.explorer.read','application::gbsite.gbsite','[\"system\",\"body\",\"siteID\",\"gssite\",\"verified\",\"visible\",\"gbmessage\",\"discoveredBy\"]','[]',1,'2020-10-18 08:51:27','2020-10-18 08:51:27'),(897,'plugins::content-manager.explorer.read','application::gstype.gstype','[\"type\",\"journalName\",\"blueprint\"]','[]',1,'2020-10-18 08:51:27','2020-10-18 08:51:27'),(898,'plugins::content-manager.explorer.read','application::gvsite.gvsite','[\"system\",\"body\",\"siteID\",\"latitude\",\"longitude\",\"type\",\"frontierID\",\"verified\",\"visible\",\"discoveredBy\"]','[]',1,'2020-10-18 08:51:27','2020-10-18 08:51:27'),(899,'plugins::content-manager.explorer.read','application::gvreport.gvreport','[\"userType\",\"reportType\",\"systemName\",\"systemAddress\",\"regionID\",\"coordX\",\"coordY\",\"coordZ\",\"bodyName\",\"latitude\",\"longitude\",\"type\",\"frontierID\",\"cmdrName\",\"cmdrComment\",\"isBeta\",\"clientVersion\",\"reportStatus\",\"reportComment\",\"voteCount\",\"added\",\"site\"]','[]',1,'2020-10-18 08:51:27','2020-10-18 08:51:27'),(900,'plugins::content-manager.explorer.read','application::gvtype.gvtype','[\"type\",\"journalName\",\"journalID\"]','[]',1,'2020-10-18 08:51:27','2020-10-18 08:51:27'),(901,'plugins::content-manager.explorer.read','application::gyreport.gyreport','[\"userType\",\"reportType\",\"systemName\",\"systemAddress\",\"regionID\",\"coordX\",\"coordY\",\"coordZ\",\"bodyName\",\"latitude\",\"longitude\",\"type\",\"frontierID\",\"cmdrName\",\"cmdrComment\",\"isBeta\",\"clientVersion\",\"reportStatus\",\"reportComment\",\"voteCount\",\"added\",\"site\"]','[]',1,'2020-10-18 08:51:27','2020-10-18 08:51:27'),(902,'plugins::content-manager.explorer.read','application::gysite.gysite','[\"system\",\"body\",\"siteID\",\"latitude\",\"longitude\",\"type\",\"frontierID\",\"verified\",\"visible\",\"discoveredBy\"]','[]',1,'2020-10-18 08:51:27','2020-10-18 08:51:27'),(903,'plugins::content-manager.explorer.read','application::gytype.gytype','[\"type\",\"journalName\",\"journalID\"]','[]',1,'2020-10-18 08:51:27','2020-10-18 08:51:27'),(904,'plugins::content-manager.explorer.read','application::hdreport.hdreport','[\"fromSystemName\",\"toSystemName\",\"cmdrName\",\"cmdrComment\",\"screenshot\",\"isBeta\",\"clientVersion\",\"reportStatus\",\"reportComment\",\"hdRawJson\"]','[]',1,'2020-10-18 08:51:27','2020-10-18 08:51:27'),(905,'plugins::content-manager.explorer.read','application::killreport.killreport','[\"systemName\",\"edTimestamp\",\"cmdrName\",\"reward\",\"rewardingFaction\",\"victimFaction\",\"rawEvent\",\"isBeta\",\"clientVersion\",\"reportAccepted\"]','[]',1,'2020-10-18 08:51:27','2020-10-18 08:51:27'),(906,'plugins::content-manager.explorer.read','application::lcfssreport.lcfssreport','[\"cmdrName\",\"systemName\",\"systemAddress\",\"signalName\",\"signalNameLocalised\",\"isBeta\",\"clientVersion\",\"reportStatus\",\"rawJson\"]','[]',1,'2020-10-18 08:51:27','2020-10-18 08:51:27'),(907,'plugins::content-manager.explorer.read','application::lsreport.lsreport','[\"userType\",\"reportType\",\"systemName\",\"systemAddress\",\"regionID\",\"coordX\",\"coordY\",\"coordZ\",\"bodyName\",\"latitude\",\"longitude\",\"type\",\"frontierID\",\"cmdrName\",\"cmdrComment\",\"isBeta\",\"clientVersion\",\"reportStatus\",\"reportComment\",\"voteCount\",\"added\",\"site\"]','[]',1,'2020-10-18 08:51:27','2020-10-18 08:51:27'),(908,'plugins::content-manager.explorer.read','application::lssite.lssite','[\"system\",\"body\",\"siteID\",\"latitude\",\"longitude\",\"type\",\"frontierID\",\"verified\",\"visible\",\"discoveredBy\"]','[]',1,'2020-10-18 08:51:27','2020-10-18 08:51:27'),(909,'plugins::content-manager.explorer.read','application::lstype.lstype','[\"type\",\"journalName\",\"journalID\"]','[]',1,'2020-10-18 08:51:27','2020-10-18 08:51:27'),(910,'plugins::content-manager.explorer.read','application::materialreport.materialreport','[\"system\",\"coordX\",\"coordY\",\"coordZ\",\"body\",\"distanceFromMainStar\",\"latitude\",\"longitude\",\"category\",\"journalName\",\"count\",\"factionState\",\"factionAllegiance\",\"collectedFrom\",\"isBeta\",\"clientVersion\"]','[]',1,'2020-10-18 08:51:27','2020-10-18 08:51:27'),(911,'plugins::content-manager.explorer.read','application::nhssreport.nhssreport','[\"systemName\",\"threatLevel\",\"cmdrName\",\"cmdrComment\",\"isBeta\",\"clientVersion\",\"reportStatus\",\"reportComment\",\"added\",\"nhssRawJson\"]','[]',1,'2020-10-18 08:51:27','2020-10-18 08:51:27'),(912,'plugins::content-manager.explorer.read','application::permitlock.permitlock','[\"system\",\"region\",\"sector\",\"coordX\",\"coordY\",\"coordZ\"]','[]',1,'2020-10-18 08:51:27','2020-10-18 08:51:27'),(913,'plugins::content-manager.explorer.read','application::point-of-interest.point-of-interest','[\"systemName\",\"bodyName\",\"notes\",\"edsmCoordX\",\"edsmCoordY\",\"edsmCoordZ\",\"poiType\"]','[]',1,'2020-10-18 08:51:27','2020-10-18 08:51:27'),(914,'plugins::content-manager.explorer.read','application::region.region','[\"name\",\"journalName\",\"regionID\"]','[]',1,'2020-10-18 08:51:27','2020-10-18 08:51:27'),(915,'plugins::content-manager.explorer.read','application::reportcodex.reportcodex','[\"cmdrName\",\"systemName\",\"bodyName\",\"systemAddress\",\"coordX\",\"coordY\",\"coordZ\",\"latitude\",\"longitude\",\"frontierID\",\"entryId\",\"codexName\",\"codexNameLocalised\",\"subCategory\",\"subCategoryLocalised\",\"category\",\"categoryLocalised\",\"regionName\",\"regionLocalised\",\"voucherAmount\",\"isBeta\",\"clientVersion\",\"reportStatus\",\"rawJson\"]','[]',1,'2020-10-18 08:51:27','2020-10-18 08:51:27'),(916,'plugins::content-manager.explorer.read','application::reportevent.reportevent','[\"eventName\",\"eventAltName\",\"cmdrName\",\"systemName\",\"bodyName\",\"stationName\",\"latitude\",\"longitude\",\"isBeta\",\"clientVersion\",\"reportStatus\",\"rawJson\"]','[]',1,'2020-10-18 08:51:27','2020-10-18 08:51:27'),(917,'plugins::content-manager.explorer.read','application::reportfss.reportfss','[\"cmdrName\",\"systemName\",\"systemAddress\",\"signalName\",\"signalNameLocalised\",\"ussType\",\"ussTypeLocalised\",\"spawningState\",\"spawningStateLocalised\",\"spawningFaction\",\"threatLevel\",\"isBeta\",\"clientVersion\",\"reportStatus\",\"rawJson\"]','[]',1,'2020-10-18 08:51:27','2020-10-18 08:51:27'),(918,'plugins::content-manager.explorer.read','application::reporttype.reporttype','[\"type\",\"location\",\"journalName\",\"journalID\",\"journalType\",\"endpoint\"]','[]',1,'2020-10-18 08:51:27','2020-10-18 08:51:27'),(919,'plugins::content-manager.explorer.read','application::ring.ring','[\"body\",\"ringName\",\"type\",\"mass\",\"innerRadius\",\"outerRadius\"]','[]',1,'2020-10-18 08:51:27','2020-10-18 08:51:27'),(920,'plugins::content-manager.explorer.read','application::system.system','[\"systemName\",\"id64\",\"edsmID\",\"edsmCoordX\",\"edsmCoordY\",\"edsmCoordZ\",\"edsmCoordLocked\",\"missingSkipCount\",\"bodies\",\"region\",\"primaryStar\",\"apsites\",\"bmsites\",\"btsites\",\"cssites\",\"fgsites\",\"fmsites\",\"gbsites\",\"gensites\",\"grsites\",\"gssites\",\"gvsites\",\"gysites\",\"lssites\",\"tbsites\",\"tssites\",\"twsites\"]','[]',1,'2020-10-18 08:51:27','2020-10-18 08:51:27'),(921,'plugins::content-manager.explorer.read','application::tbcycle.tbcycle','[\"cycle\"]','[]',1,'2020-10-18 08:51:27','2020-10-18 08:51:27'),(922,'plugins::content-manager.explorer.read','application::tbreport.tbreport','[\"userType\",\"reportType\",\"systemName\",\"systemAddress\",\"regionID\",\"coordX\",\"coordY\",\"coordZ\",\"bodyName\",\"latitude\",\"longitude\",\"type\",\"subtype\",\"cycle\",\"frontierID\",\"cmdrName\",\"cmdrComment\",\"isBeta\",\"clientVersion\",\"screenshot\",\"reportStatus\",\"reportComment\",\"voteCount\",\"added\",\"site\"]','[]',1,'2020-10-18 08:51:27','2020-10-18 08:51:27'),(923,'plugins::content-manager.explorer.read','application::tbsite.tbsite','[\"system\",\"body\",\"siteID\",\"latitude\",\"longitude\",\"type\",\"subtype\",\"frontierID\",\"cycle\",\"comment\",\"verified\",\"visible\",\"discoveredBy\"]','[]',1,'2020-10-18 08:51:27','2020-10-18 08:51:27'),(924,'plugins::content-manager.explorer.read','application::tbsubtype.tbsubtype','[\"type\",\"metaAlloyCount\"]','[]',1,'2020-10-18 08:51:27','2020-10-18 08:51:27'),(925,'plugins::content-manager.explorer.read','application::tbtype.tbtype','[\"type\",\"journalName\",\"journalID\"]','[]',1,'2020-10-18 08:51:27','2020-10-18 08:51:27'),(926,'plugins::content-manager.explorer.read','application::tssite.tssite','[\"system\",\"body\",\"siteID\",\"latitude\",\"longitude\",\"status\",\"verified\",\"visible\",\"msg1Site\",\"msg2Site\",\"msg3Site\",\"discoveredBy\"]','[]',1,'2020-10-18 08:51:27','2020-10-18 08:51:27'),(927,'plugins::content-manager.explorer.read','application::tsstatus.tsstatus','[\"status\"]','[]',1,'2020-10-18 08:51:27','2020-10-18 08:51:27'),(928,'plugins::content-manager.explorer.read','application::twreport.twreport','[\"userType\",\"reportType\",\"systemName\",\"systemAddress\",\"regionID\",\"coordX\",\"coordY\",\"coordZ\",\"bodyName\",\"latitude\",\"longitude\",\"type\",\"frontierID\",\"cmdrName\",\"cmdrComment\",\"isBeta\",\"clientVersion\",\"reportStatus\",\"reportComment\",\"voteCount\",\"added\",\"site\"]','[]',1,'2020-10-18 08:51:27','2020-10-18 08:51:27'),(929,'plugins::content-manager.explorer.read','application::twsite.twsite','[\"system\",\"body\",\"siteID\",\"latitude\",\"longitude\",\"type\",\"frontierID\",\"verified\",\"visible\",\"discoveredBy\"]','[]',1,'2020-10-18 08:51:27','2020-10-18 08:51:27'),(930,'plugins::content-manager.explorer.read','plugins::users-permissions.user','[\"username\",\"email\",\"provider\",\"password\",\"resetPasswordToken\",\"confirmed\",\"blocked\",\"role\",\"confirmationToken\",\"cmdrs\",\"authtokens\"]','[]',1,'2020-10-18 08:51:27','2020-10-18 08:51:27'),(931,'plugins::content-manager.explorer.read','application::twtype.twtype','[\"type\",\"journalName\",\"journalID\"]','[]',1,'2020-10-18 08:51:27','2020-10-18 08:51:27'),(932,'plugins::content-manager.explorer.update','application::apreport.apreport','[\"userType\",\"reportType\",\"systemName\",\"systemAddress\",\"regionID\",\"coordX\",\"coordY\",\"coordZ\",\"bodyName\",\"latitude\",\"longitude\",\"type\",\"frontierID\",\"cmdrName\",\"cmdrComment\",\"isBeta\",\"clientVersion\",\"reportStatus\",\"reportComment\",\"voteCount\",\"added\",\"site\"]','[]',1,'2020-10-18 08:51:27','2020-10-18 08:51:27'),(933,'plugins::content-manager.explorer.update','application::apsite.apsite','[\"system\",\"body\",\"siteID\",\"latitude\",\"longitude\",\"type\",\"frontierID\",\"verified\",\"visible\",\"discoveredBy\"]','[]',1,'2020-10-18 08:51:27','2020-10-18 08:51:27'),(934,'plugins::content-manager.explorer.update','application::authtoken.authtoken','[\"token\",\"comment\",\"user\"]','[]',1,'2020-10-18 08:51:27','2020-10-18 08:51:27'),(935,'plugins::content-manager.explorer.update','application::aptype.aptype','[\"type\",\"journalName\",\"journalID\"]','[]',1,'2020-10-18 08:51:27','2020-10-18 08:51:27'),(936,'plugins::content-manager.explorer.update','application::axczfssreport.axczfssreport','[\"cmdrName\",\"systemName\",\"systemAddress\",\"signalName\",\"signalNameLocalised\",\"isBeta\",\"clientVersion\",\"reportStatus\",\"rawJson\"]','[]',1,'2020-10-18 08:51:27','2020-10-18 08:51:27'),(937,'plugins::content-manager.explorer.update','application::bmreport.bmreport','[\"userType\",\"reportType\",\"systemName\",\"systemAddress\",\"regionID\",\"coordX\",\"coordY\",\"coordZ\",\"bodyName\",\"latitude\",\"longitude\",\"type\",\"frontierID\",\"cmdrName\",\"cmdrComment\",\"isBeta\",\"clientVersion\",\"reportStatus\",\"reportComment\",\"voteCount\",\"added\",\"site\"]','[]',1,'2020-10-18 08:51:27','2020-10-18 08:51:27'),(938,'plugins::content-manager.explorer.update','application::bmsite.bmsite','[\"system\",\"body\",\"siteID\",\"latitude\",\"longitude\",\"type\",\"frontierID\",\"verified\",\"visible\",\"discoveredBy\"]','[]',1,'2020-10-18 08:51:27','2020-10-18 08:51:27'),(939,'plugins::content-manager.explorer.update','application::bmtype.bmtype','[\"type\",\"journalName\",\"journalID\"]','[]',1,'2020-10-18 08:51:27','2020-10-18 08:51:27'),(940,'plugins::content-manager.explorer.update','application::body.body','[\"system\",\"bodyName\",\"id64\",\"edsmID\",\"bodyID\",\"type\",\"subType\",\"offset\",\"distanceToArrival\",\"isMainStar\",\"isScoopable\",\"isLandable\",\"age\",\"luminosity\",\"absoluteMagnitude\",\"solarMasses\",\"solarRadius\",\"gravity\",\"earthMasses\",\"radius\",\"surfaceTemperature\",\"surfacePressure\",\"volcanismType\",\"atmosphereType\",\"terraformingState\",\"orbitalPeriod\",\"semiMajorAxis\",\"orbitalEccentricity\",\"orbitalInclination\",\"argOfPeriapsis\",\"rotationalPeriod\",\"rotationalPeriodTidallyLocked\",\"axialTilt\",\"solidComposition\",\"atmosphere\",\"material\",\"missingSkipCount\",\"rings\",\"apsites\",\"bmsites\",\"btsites\",\"cssites\",\"fgsites\",\"fmsites\",\"gbsites\",\"gensites\",\"grsites\",\"gssites\",\"gvsites\",\"gysites\",\"lssites\",\"tbsites\",\"tssites\",\"twsites\"]','[]',1,'2020-10-18 08:51:27','2020-10-18 08:51:27'),(941,'plugins::content-manager.explorer.update','application::btreport.btreport','[\"userType\",\"reportType\",\"systemName\",\"systemAddress\",\"regionID\",\"coordX\",\"coordY\",\"coordZ\",\"bodyName\",\"latitude\",\"longitude\",\"type\",\"frontierID\",\"cmdrName\",\"cmdrComment\",\"isBeta\",\"clientVersion\",\"reportStatus\",\"reportComment\",\"voteCount\",\"added\",\"site\"]','[]',1,'2020-10-18 08:51:27','2020-10-18 08:51:27'),(942,'plugins::content-manager.explorer.update','application::btsite.btsite','[\"system\",\"body\",\"siteID\",\"latitude\",\"longitude\",\"type\",\"frontierID\",\"verified\",\"visible\",\"discoveredBy\"]','[]',1,'2020-10-18 08:51:27','2020-10-18 08:51:27'),(943,'plugins::content-manager.explorer.update','application::bttype.bttype','[\"type\",\"journalName\",\"journalID\"]','[]',1,'2020-10-18 08:51:27','2020-10-18 08:51:27'),(944,'plugins::content-manager.explorer.update','application::clientreport.clientreport','[\"cmdrName\",\"isBeta\",\"autoUpdateDisabled\",\"clientVersion\"]','[]',1,'2020-10-18 08:51:27','2020-10-18 08:51:27'),(945,'plugins::content-manager.explorer.update','application::clientroute.clientroute','[\"clientVersion\",\"route\"]','[]',1,'2020-10-18 08:51:27','2020-10-18 08:51:27'),(946,'plugins::content-manager.explorer.read','application::tsreport.tsreport','[\"userType\",\"reportType\",\"systemName\",\"systemAddress\",\"regionID\",\"coordX\",\"coordY\",\"coordZ\",\"bodyName\",\"latitude\",\"longitude\",\"status\",\"cmdrName\",\"cmdrComment\",\"isBeta\",\"clientVersion\",\"screenshot\",\"reportStatus\",\"reportComment\",\"voteCount\",\"added\",\"site\"]','[]',1,'2020-10-18 08:51:27','2020-10-18 08:51:27'),(947,'plugins::content-manager.explorer.update','application::cmdr.cmdr','[\"cmdrName\",\"cmdrkill\"]','[]',1,'2020-10-18 08:51:27','2020-10-18 08:51:28'),(948,'plugins::content-manager.explorer.update','application::csreport.csreport','[\"userType\",\"reportType\",\"systemName\",\"systemAddress\",\"regionID\",\"coordX\",\"coordY\",\"coordZ\",\"bodyName\",\"latitude\",\"longitude\",\"type\",\"frontierID\",\"cmdrName\",\"cmdrComment\",\"isBeta\",\"clientVersion\",\"reportStatus\",\"reportComment\",\"voteCount\",\"added\",\"site\"]','[]',1,'2020-10-18 08:51:27','2020-10-18 08:51:28'),(949,'plugins::content-manager.explorer.update','application::cmdrkill.cmdrkill','[\"scoutKills\",\"cyclopsKills\",\"basiliskKills\",\"medusaKills\",\"unknownKills\",\"scoutRewards\",\"cyclopsRewards\",\"basiliskRewards\",\"medusaRewards\",\"unknownRewards\",\"totalRewards\",\"totalKills\",\"cmdr\"]','[]',1,'2020-10-18 08:51:27','2020-10-18 08:51:28'),(950,'plugins::content-manager.explorer.update','application::cssite.cssite','[\"system\",\"body\",\"siteID\",\"latitude\",\"longitude\",\"type\",\"frontierID\",\"verified\",\"visible\",\"discoveredBy\"]','[]',1,'2020-10-18 08:51:27','2020-10-18 08:51:28'),(951,'plugins::content-manager.explorer.update','application::cstype.cstype','[\"type\",\"journalName\",\"journalID\"]','[]',1,'2020-10-18 08:51:27','2020-10-18 08:51:28'),(952,'plugins::content-manager.explorer.update','application::excludeclient.excludeclient','[\"version\",\"reason\"]','[]',1,'2020-10-18 08:51:27','2020-10-18 08:51:28'),(953,'plugins::content-manager.explorer.update','application::excludecmdr.excludecmdr','[\"cmdrName\",\"reason\"]','[]',1,'2020-10-18 08:51:27','2020-10-18 08:51:28'),(954,'plugins::content-manager.explorer.update','application::excludecodex.excludecodex','[\"codexName\",\"reason\"]','[]',1,'2020-10-18 08:51:27','2020-10-18 08:51:28'),(955,'plugins::content-manager.explorer.update','application::excludeevent.excludeevent','[\"eventName\",\"reason\"]','[]',1,'2020-10-18 08:51:27','2020-10-18 08:51:28'),(956,'plugins::content-manager.explorer.update','application::excludefss.excludefss','[\"fssName\",\"reason\"]','[]',1,'2020-10-18 08:51:27','2020-10-18 08:51:28'),(957,'plugins::content-manager.explorer.update','application::fgreport.fgreport','[\"userType\",\"reportType\",\"systemName\",\"systemAddress\",\"regionID\",\"coordX\",\"coordY\",\"coordZ\",\"bodyName\",\"latitude\",\"longitude\",\"type\",\"frontierID\",\"cmdrName\",\"cmdrComment\",\"isBeta\",\"clientVersion\",\"reportStatus\",\"reportComment\",\"voteCount\",\"added\",\"site\"]','[]',1,'2020-10-18 08:51:27','2020-10-18 08:51:28'),(958,'plugins::content-manager.explorer.update','application::fgsite.fgsite','[\"system\",\"body\",\"siteID\",\"latitude\",\"longitude\",\"type\",\"frontierID\",\"verified\",\"visible\",\"discoveredBy\"]','[]',1,'2020-10-18 08:51:27','2020-10-18 08:51:28'),(959,'plugins::content-manager.explorer.update','application::fgtype.fgtype','[\"type\",\"journalName\",\"journalID\"]','[]',1,'2020-10-18 08:51:27','2020-10-18 08:51:28'),(960,'plugins::content-manager.explorer.update','application::fmreport.fmreport','[\"userType\",\"reportType\",\"systemName\",\"systemAddress\",\"regionID\",\"coordX\",\"coordY\",\"coordZ\",\"bodyName\",\"latitude\",\"longitude\",\"type\",\"frontierID\",\"cmdrName\",\"cmdrComment\",\"isBeta\",\"clientVersion\",\"reportStatus\",\"reportComment\",\"voteCount\",\"added\",\"site\"]','[]',1,'2020-10-18 08:51:27','2020-10-18 08:51:28'),(961,'plugins::content-manager.explorer.update','application::fmsite.fmsite','[\"system\",\"body\",\"siteID\",\"latitude\",\"longitude\",\"type\",\"frontierID\",\"verified\",\"visible\",\"discoveredBy\"]','[]',1,'2020-10-18 08:51:27','2020-10-18 08:51:28'),(962,'plugins::content-manager.explorer.update','application::fmtype.fmtype','[\"type\",\"journalName\",\"journalID\"]','[]',1,'2020-10-18 08:51:27','2020-10-18 08:51:28'),(963,'plugins::content-manager.explorer.update','application::gbmessage.gbmessage','[\"gbsite\",\"messageSystem\",\"messageBody\",\"latitude\",\"longitude\"]','[]',1,'2020-10-18 08:51:27','2020-10-18 08:51:28'),(964,'plugins::content-manager.explorer.update','application::gbreport.gbreport','[\"userType\",\"reportType\",\"systemName\",\"systemAddress\",\"regionID\",\"coordX\",\"coordY\",\"coordZ\",\"bodyName\",\"messageSystem\",\"messageBody\",\"messageLatitude\",\"messageLongitude\",\"cmdrName\",\"cmdrComment\",\"isBeta\",\"clientVersion\",\"screenshot\",\"reportStatus\",\"reportComment\",\"voteCount\",\"added\",\"site\"]','[]',1,'2020-10-18 08:51:27','2020-10-18 08:51:28'),(965,'plugins::content-manager.explorer.update','application::gbsite.gbsite','[\"system\",\"body\",\"siteID\",\"gssite\",\"verified\",\"visible\",\"gbmessage\",\"discoveredBy\"]','[]',1,'2020-10-18 08:51:27','2020-10-18 08:51:28'),(966,'plugins::content-manager.explorer.update','application::genlog.genlog','[\"gensite\",\"logNumber\",\"logTitle\",\"logBody\",\"audio\"]','[]',1,'2020-10-18 08:51:27','2020-10-18 08:51:28'),(967,'plugins::content-manager.explorer.update','application::gensite.gensite','[\"system\",\"body\",\"siteID\",\"shipName\",\"directionSystem\",\"distance\",\"genlogs\",\"discoveredBy\"]','[]',1,'2020-10-18 08:51:27','2020-10-18 08:51:28'),(968,'plugins::content-manager.explorer.update','application::genreport.genreport','[\"userType\",\"reportType\",\"systemName\",\"systemAddress\",\"regionID\",\"coordX\",\"coordY\",\"coordZ\",\"orbitBody\",\"shipName\",\"directionSystem\",\"distance\",\"cmdrName\",\"cmdrComment\",\"isBeta\",\"clientVersion\",\"screenshot\",\"reportStatus\",\"reportComment\",\"voteCount\",\"added\",\"site\"]','[]',1,'2020-10-18 08:51:27','2020-10-18 08:51:28'),(969,'plugins::content-manager.explorer.update','application::gractivegroup.gractivegroup','[\"grSite\",\"activeGroup\"]','[]',1,'2020-10-18 08:51:27','2020-10-18 08:51:28'),(970,'plugins::content-manager.explorer.update','application::gractiveobelisk.gractiveobelisk','[\"grSite\",\"activeObelisk\"]','[]',1,'2020-10-18 08:51:27','2020-10-18 08:51:28'),(971,'plugins::content-manager.explorer.update','application::grartifact.grartifact','[\"artifactName\"]','[]',1,'2020-10-18 08:51:27','2020-10-18 08:51:28'),(972,'plugins::content-manager.explorer.update','application::grcodexcategory.grcodexcategory','[\"categoryName\"]','[]',1,'2020-10-18 08:51:27','2020-10-18 08:51:28'),(973,'plugins::content-manager.explorer.update','application::grcodexdata.grcodexdata','[\"grCodexCategory\",\"grPrimaryArtifact\",\"grSecondaryArtifact\",\"codexNumber\",\"text\"]','[]',1,'2020-10-18 08:51:27','2020-10-18 08:51:28'),(974,'plugins::content-manager.explorer.update','application::grobelisk.grobelisk','[\"grType\",\"grObeliskGroup\",\"obeliskNumber\",\"broken\",\"grCodexData\",\"verified\"]','[]',1,'2020-10-18 08:51:27','2020-10-18 08:51:28'),(975,'plugins::content-manager.explorer.update','application::grobeliskgroup.grobeliskgroup','[\"grType\",\"groupName\",\"amount\"]','[]',1,'2020-10-18 08:51:27','2020-10-18 08:51:28'),(976,'plugins::content-manager.explorer.update','application::grobeliskreport.grobeliskreport','[\"grreport\",\"groups\",\"obelisks\"]','[]',1,'2020-10-18 08:51:27','2020-10-18 08:51:28'),(977,'plugins::content-manager.explorer.update','application::grreport.grreport','[\"userType\",\"reportType\",\"systemName\",\"systemAddress\",\"regionID\",\"coordX\",\"coordY\",\"coordZ\",\"bodyName\",\"latitude\",\"longitude\",\"type\",\"frontierID\",\"cmdrName\",\"cmdrComment\",\"isBeta\",\"clientVersion\",\"screenshot\",\"reportStatus\",\"reportComment\",\"voteCount\",\"added\",\"site\",\"grobeliskreport\"]','[]',1,'2020-10-18 08:51:27','2020-10-18 08:51:28'),(978,'plugins::content-manager.explorer.update','application::grsite.grsite','[\"system\",\"body\",\"siteID\",\"latitude\",\"longitude\",\"type\",\"frontierID\",\"verified\",\"visible\",\"activeGroups\",\"activeObelisks\",\"discoveredBy\"]','[]',1,'2020-10-18 08:51:27','2020-10-18 08:51:28'),(979,'plugins::content-manager.explorer.update','application::grtype.grtype','[\"type\",\"journalName\"]','[]',1,'2020-10-18 08:51:27','2020-10-18 08:51:28'),(980,'plugins::content-manager.explorer.update','application::gsactivegroup.gsactivegroup','[\"gsSite\",\"activeGroup\"]','[]',1,'2020-10-18 08:51:27','2020-10-18 08:51:28'),(981,'plugins::content-manager.explorer.update','application::gsactiveobelisk.gsactiveobelisk','[\"gsSite\",\"activeObelisk\"]','[]',1,'2020-10-18 08:51:27','2020-10-18 08:51:28'),(982,'plugins::content-manager.explorer.update','application::gsartifact.gsartifact','[\"artifactName\"]','[]',1,'2020-10-18 08:51:27','2020-10-18 08:51:28'),(983,'plugins::content-manager.explorer.update','application::gscodexcategory.gscodexcategory','[\"categoryName\"]','[]',1,'2020-10-18 08:51:27','2020-10-18 08:51:28'),(984,'plugins::content-manager.explorer.update','application::gscodexdata.gscodexdata','[\"gsCodexCategory\",\"gsPrimaryArtifact\",\"gsSecondaryArtifact\",\"codexNumber\",\"text\",\"audio\"]','[]',1,'2020-10-18 08:51:27','2020-10-18 08:51:28'),(985,'plugins::content-manager.explorer.update','application::gsobelisk.gsobelisk','[\"gsType\",\"gsObeliskGroup\",\"obeliskNumber\",\"broken\",\"gsCodexData\",\"verified\"]','[]',1,'2020-10-18 08:51:27','2020-10-18 08:51:28'),(986,'plugins::content-manager.explorer.update','application::gsobeliskgroup.gsobeliskgroup','[\"gsType\",\"groupName\",\"amount\"]','[]',1,'2020-10-18 08:51:27','2020-10-18 08:51:28'),(987,'plugins::content-manager.explorer.update','application::gsobeliskreport.gsobeliskreport','[\"gsreport\",\"groups\",\"obelisks\"]','[]',1,'2020-10-18 08:51:27','2020-10-18 08:51:28'),(988,'plugins::content-manager.explorer.update','application::gsreport.gsreport','[\"userType\",\"reportType\",\"systemName\",\"systemAddress\",\"regionID\",\"coordX\",\"coordY\",\"coordZ\",\"bodyName\",\"latitude\",\"longitude\",\"type\",\"frontierID\",\"cmdrName\",\"cmdrComment\",\"isBeta\",\"clientVersion\",\"screenshot\",\"reportStatus\",\"reportComment\",\"voteCount\",\"added\",\"site\",\"gsobeliskreport\"]','[]',1,'2020-10-18 08:51:27','2020-10-18 08:51:28'),(989,'plugins::content-manager.explorer.update','application::gssite.gssite','[\"system\",\"body\",\"siteID\",\"latitude\",\"longitude\",\"type\",\"frontierID\",\"verified\",\"visible\",\"activeGroups\",\"activeObelisks\",\"discoveredBy\"]','[]',1,'2020-10-18 08:51:27','2020-10-18 08:51:28'),(990,'plugins::content-manager.explorer.update','application::gstype.gstype','[\"type\",\"journalName\",\"blueprint\"]','[]',1,'2020-10-18 08:51:27','2020-10-18 08:51:28'),(991,'plugins::content-manager.explorer.update','application::gvreport.gvreport','[\"userType\",\"reportType\",\"systemName\",\"systemAddress\",\"regionID\",\"coordX\",\"coordY\",\"coordZ\",\"bodyName\",\"latitude\",\"longitude\",\"type\",\"frontierID\",\"cmdrName\",\"cmdrComment\",\"isBeta\",\"clientVersion\",\"reportStatus\",\"reportComment\",\"voteCount\",\"added\",\"site\"]','[]',1,'2020-10-18 08:51:27','2020-10-18 08:51:28'),(992,'plugins::content-manager.explorer.update','application::gvsite.gvsite','[\"system\",\"body\",\"siteID\",\"latitude\",\"longitude\",\"type\",\"frontierID\",\"verified\",\"visible\",\"discoveredBy\"]','[]',1,'2020-10-18 08:51:27','2020-10-18 08:51:28'),(993,'plugins::content-manager.explorer.update','application::gvtype.gvtype','[\"type\",\"journalName\",\"journalID\"]','[]',1,'2020-10-18 08:51:27','2020-10-18 08:51:28'),(994,'plugins::content-manager.explorer.update','application::gyreport.gyreport','[\"userType\",\"reportType\",\"systemName\",\"systemAddress\",\"regionID\",\"coordX\",\"coordY\",\"coordZ\",\"bodyName\",\"latitude\",\"longitude\",\"type\",\"frontierID\",\"cmdrName\",\"cmdrComment\",\"isBeta\",\"clientVersion\",\"reportStatus\",\"reportComment\",\"voteCount\",\"added\",\"site\"]','[]',1,'2020-10-18 08:51:27','2020-10-18 08:51:28'),(995,'plugins::content-manager.explorer.update','application::gysite.gysite','[\"system\",\"body\",\"siteID\",\"latitude\",\"longitude\",\"type\",\"frontierID\",\"verified\",\"visible\",\"discoveredBy\"]','[]',1,'2020-10-18 08:51:27','2020-10-18 08:51:28'),(996,'plugins::content-manager.explorer.update','application::gytype.gytype','[\"type\",\"journalName\",\"journalID\"]','[]',1,'2020-10-18 08:51:27','2020-10-18 08:51:28'),(997,'plugins::content-manager.explorer.update','application::hdreport.hdreport','[\"fromSystemName\",\"toSystemName\",\"cmdrName\",\"cmdrComment\",\"screenshot\",\"isBeta\",\"clientVersion\",\"reportStatus\",\"reportComment\",\"hdRawJson\"]','[]',1,'2020-10-18 08:51:28','2020-10-18 08:51:28'),(998,'plugins::content-manager.explorer.update','application::killreport.killreport','[\"systemName\",\"edTimestamp\",\"cmdrName\",\"reward\",\"rewardingFaction\",\"victimFaction\",\"rawEvent\",\"isBeta\",\"clientVersion\",\"reportAccepted\"]','[]',1,'2020-10-18 08:51:28','2020-10-18 08:51:28'),(999,'plugins::content-manager.explorer.update','application::lcfssreport.lcfssreport','[\"cmdrName\",\"systemName\",\"systemAddress\",\"signalName\",\"signalNameLocalised\",\"isBeta\",\"clientVersion\",\"reportStatus\",\"rawJson\"]','[]',1,'2020-10-18 08:51:28','2020-10-18 08:51:28'),(1000,'plugins::content-manager.explorer.update','application::lsreport.lsreport','[\"userType\",\"reportType\",\"systemName\",\"systemAddress\",\"regionID\",\"coordX\",\"coordY\",\"coordZ\",\"bodyName\",\"latitude\",\"longitude\",\"type\",\"frontierID\",\"cmdrName\",\"cmdrComment\",\"isBeta\",\"clientVersion\",\"reportStatus\",\"reportComment\",\"voteCount\",\"added\",\"site\"]','[]',1,'2020-10-18 08:51:28','2020-10-18 08:51:28'),(1001,'plugins::content-manager.explorer.update','application::lssite.lssite','[\"system\",\"body\",\"siteID\",\"latitude\",\"longitude\",\"type\",\"frontierID\",\"verified\",\"visible\",\"discoveredBy\"]','[]',1,'2020-10-18 08:51:28','2020-10-18 08:51:28'),(1002,'plugins::content-manager.explorer.update','application::lstype.lstype','[\"type\",\"journalName\",\"journalID\"]','[]',1,'2020-10-18 08:51:28','2020-10-18 08:51:28'),(1003,'plugins::content-manager.explorer.update','application::materialreport.materialreport','[\"system\",\"coordX\",\"coordY\",\"coordZ\",\"body\",\"distanceFromMainStar\",\"latitude\",\"longitude\",\"category\",\"journalName\",\"count\",\"factionState\",\"factionAllegiance\",\"collectedFrom\",\"isBeta\",\"clientVersion\"]','[]',1,'2020-10-18 08:51:28','2020-10-18 08:51:28'),(1004,'plugins::content-manager.explorer.update','application::nhssreport.nhssreport','[\"systemName\",\"threatLevel\",\"cmdrName\",\"cmdrComment\",\"isBeta\",\"clientVersion\",\"reportStatus\",\"reportComment\",\"added\",\"nhssRawJson\"]','[]',1,'2020-10-18 08:51:28','2020-10-18 08:51:28'),(1005,'plugins::content-manager.explorer.update','application::permitlock.permitlock','[\"system\",\"region\",\"sector\",\"coordX\",\"coordY\",\"coordZ\"]','[]',1,'2020-10-18 08:51:28','2020-10-18 08:51:28'),(1006,'plugins::content-manager.explorer.update','application::point-of-interest.point-of-interest','[\"systemName\",\"bodyName\",\"notes\",\"edsmCoordX\",\"edsmCoordY\",\"edsmCoordZ\",\"poiType\"]','[]',1,'2020-10-18 08:51:28','2020-10-18 08:51:28'),(1007,'plugins::content-manager.explorer.update','application::region.region','[\"name\",\"journalName\",\"regionID\"]','[]',1,'2020-10-18 08:51:28','2020-10-18 08:51:28'),(1008,'plugins::content-manager.explorer.update','application::reportcodex.reportcodex','[\"cmdrName\",\"systemName\",\"bodyName\",\"systemAddress\",\"coordX\",\"coordY\",\"coordZ\",\"latitude\",\"longitude\",\"frontierID\",\"entryId\",\"codexName\",\"codexNameLocalised\",\"subCategory\",\"subCategoryLocalised\",\"category\",\"categoryLocalised\",\"regionName\",\"regionLocalised\",\"voucherAmount\",\"isBeta\",\"clientVersion\",\"reportStatus\",\"rawJson\"]','[]',1,'2020-10-18 08:51:28','2020-10-18 08:51:28'),(1009,'plugins::content-manager.explorer.update','application::reportevent.reportevent','[\"eventName\",\"eventAltName\",\"cmdrName\",\"systemName\",\"bodyName\",\"stationName\",\"latitude\",\"longitude\",\"isBeta\",\"clientVersion\",\"reportStatus\",\"rawJson\"]','[]',1,'2020-10-18 08:51:28','2020-10-18 08:51:28'),(1010,'plugins::content-manager.explorer.update','application::reportfss.reportfss','[\"cmdrName\",\"systemName\",\"systemAddress\",\"signalName\",\"signalNameLocalised\",\"ussType\",\"ussTypeLocalised\",\"spawningState\",\"spawningStateLocalised\",\"spawningFaction\",\"threatLevel\",\"isBeta\",\"clientVersion\",\"reportStatus\",\"rawJson\"]','[]',1,'2020-10-18 08:51:28','2020-10-18 08:51:28'),(1011,'plugins::content-manager.explorer.update','application::reporttype.reporttype','[\"type\",\"location\",\"journalName\",\"journalID\",\"journalType\",\"endpoint\"]','[]',1,'2020-10-18 08:51:28','2020-10-18 08:51:28'),(1012,'plugins::content-manager.explorer.update','application::ring.ring','[\"body\",\"ringName\",\"type\",\"mass\",\"innerRadius\",\"outerRadius\"]','[]',1,'2020-10-18 08:51:28','2020-10-18 08:51:28'),(1013,'plugins::content-manager.explorer.update','application::tbcycle.tbcycle','[\"cycle\"]','[]',1,'2020-10-18 08:51:28','2020-10-18 08:51:28'),(1014,'plugins::content-manager.explorer.update','application::system.system','[\"systemName\",\"id64\",\"edsmID\",\"edsmCoordX\",\"edsmCoordY\",\"edsmCoordZ\",\"edsmCoordLocked\",\"missingSkipCount\",\"bodies\",\"region\",\"primaryStar\",\"apsites\",\"bmsites\",\"btsites\",\"cssites\",\"fgsites\",\"fmsites\",\"gbsites\",\"gensites\",\"grsites\",\"gssites\",\"gvsites\",\"gysites\",\"lssites\",\"tbsites\",\"tssites\",\"twsites\"]','[]',1,'2020-10-18 08:51:28','2020-10-18 08:51:28'),(1015,'plugins::content-manager.explorer.update','application::tbreport.tbreport','[\"userType\",\"reportType\",\"systemName\",\"systemAddress\",\"regionID\",\"coordX\",\"coordY\",\"coordZ\",\"bodyName\",\"latitude\",\"longitude\",\"type\",\"subtype\",\"cycle\",\"frontierID\",\"cmdrName\",\"cmdrComment\",\"isBeta\",\"clientVersion\",\"screenshot\",\"reportStatus\",\"reportComment\",\"voteCount\",\"added\",\"site\"]','[]',1,'2020-10-18 08:51:28','2020-10-18 08:51:28'),(1016,'plugins::content-manager.explorer.update','application::tbsite.tbsite','[\"system\",\"body\",\"siteID\",\"latitude\",\"longitude\",\"type\",\"subtype\",\"frontierID\",\"cycle\",\"comment\",\"verified\",\"visible\",\"discoveredBy\"]','[]',1,'2020-10-18 08:51:28','2020-10-18 08:51:28'),(1017,'plugins::content-manager.explorer.update','application::tbsubtype.tbsubtype','[\"type\",\"metaAlloyCount\"]','[]',1,'2020-10-18 08:51:28','2020-10-18 08:51:28'),(1018,'plugins::content-manager.explorer.update','application::tbtype.tbtype','[\"type\",\"journalName\",\"journalID\"]','[]',1,'2020-10-18 08:51:28','2020-10-18 08:51:28'),(1019,'plugins::content-manager.explorer.update','application::tsreport.tsreport','[\"userType\",\"reportType\",\"systemName\",\"systemAddress\",\"regionID\",\"coordX\",\"coordY\",\"coordZ\",\"bodyName\",\"latitude\",\"longitude\",\"status\",\"cmdrName\",\"cmdrComment\",\"isBeta\",\"clientVersion\",\"screenshot\",\"reportStatus\",\"reportComment\",\"voteCount\",\"added\",\"site\"]','[]',1,'2020-10-18 08:51:28','2020-10-18 08:51:28'),(1020,'plugins::content-manager.explorer.update','application::tssite.tssite','[\"system\",\"body\",\"siteID\",\"latitude\",\"longitude\",\"status\",\"verified\",\"visible\",\"msg1Site\",\"msg2Site\",\"msg3Site\",\"discoveredBy\"]','[]',1,'2020-10-18 08:51:28','2020-10-18 08:51:28'),(1021,'plugins::content-manager.explorer.update','application::tsstatus.tsstatus','[\"status\"]','[]',1,'2020-10-18 08:51:28','2020-10-18 08:51:28'),(1022,'plugins::content-manager.explorer.update','application::twreport.twreport','[\"userType\",\"reportType\",\"systemName\",\"systemAddress\",\"regionID\",\"coordX\",\"coordY\",\"coordZ\",\"bodyName\",\"latitude\",\"longitude\",\"type\",\"frontierID\",\"cmdrName\",\"cmdrComment\",\"isBeta\",\"clientVersion\",\"reportStatus\",\"reportComment\",\"voteCount\",\"added\",\"site\"]','[]',1,'2020-10-18 08:51:28','2020-10-18 08:51:28'),(1023,'plugins::content-manager.explorer.update','application::twsite.twsite','[\"system\",\"body\",\"siteID\",\"latitude\",\"longitude\",\"type\",\"frontierID\",\"verified\",\"visible\",\"discoveredBy\"]','[]',1,'2020-10-18 08:51:28','2020-10-18 08:51:28'),(1024,'plugins::content-manager.explorer.update','application::twtype.twtype','[\"type\",\"journalName\",\"journalID\"]','[]',1,'2020-10-18 08:51:28','2020-10-18 08:51:28'),(1025,'plugins::content-manager.explorer.update','plugins::users-permissions.user','[\"username\",\"email\",\"provider\",\"password\",\"resetPasswordToken\",\"confirmed\",\"blocked\",\"role\",\"confirmationToken\",\"cmdrs\",\"authtokens\"]','[]',1,'2020-10-18 08:51:28','2020-10-18 08:51:28'),(1026,'plugins::content-manager.explorer.delete','application::apreport.apreport',NULL,'[]',1,'2020-10-18 08:51:28','2020-10-18 08:51:28'),(1027,'plugins::content-manager.explorer.delete','application::apsite.apsite',NULL,'[]',1,'2020-10-18 08:51:28','2020-10-18 08:51:28'),(1028,'plugins::content-manager.explorer.delete','application::aptype.aptype',NULL,'[]',1,'2020-10-18 08:51:28','2020-10-18 08:51:28'),(1029,'plugins::content-manager.explorer.delete','application::authtoken.authtoken',NULL,'[]',1,'2020-10-18 08:51:28','2020-10-18 08:51:28'),(1030,'plugins::content-manager.explorer.delete','application::axczfssreport.axczfssreport',NULL,'[]',1,'2020-10-18 08:51:28','2020-10-18 08:51:28'),(1031,'plugins::content-manager.explorer.delete','application::bmreport.bmreport',NULL,'[]',1,'2020-10-18 08:51:28','2020-10-18 08:51:28'),(1032,'plugins::content-manager.explorer.delete','application::bmsite.bmsite',NULL,'[]',1,'2020-10-18 08:51:28','2020-10-18 08:51:28'),(1033,'plugins::content-manager.explorer.delete','application::bmtype.bmtype',NULL,'[]',1,'2020-10-18 08:51:28','2020-10-18 08:51:28'),(1034,'plugins::content-manager.explorer.delete','application::body.body',NULL,'[]',1,'2020-10-18 08:51:28','2020-10-18 08:51:28'),(1035,'plugins::content-manager.explorer.delete','application::btreport.btreport',NULL,'[]',1,'2020-10-18 08:51:28','2020-10-18 08:51:28'),(1036,'plugins::content-manager.explorer.delete','application::btsite.btsite',NULL,'[]',1,'2020-10-18 08:51:28','2020-10-18 08:51:28'),(1037,'plugins::content-manager.explorer.delete','application::bttype.bttype',NULL,'[]',1,'2020-10-18 08:51:28','2020-10-18 08:51:28'),(1038,'plugins::content-manager.explorer.delete','application::clientreport.clientreport',NULL,'[]',1,'2020-10-18 08:51:28','2020-10-18 08:51:28'),(1039,'plugins::content-manager.explorer.delete','application::clientroute.clientroute',NULL,'[]',1,'2020-10-18 08:51:28','2020-10-18 08:51:28'),(1040,'plugins::content-manager.explorer.delete','application::cmdr.cmdr',NULL,'[]',1,'2020-10-18 08:51:28','2020-10-18 08:51:28'),(1041,'plugins::content-manager.explorer.delete','application::cmdrkill.cmdrkill',NULL,'[]',1,'2020-10-18 08:51:28','2020-10-18 08:51:28'),(1042,'plugins::content-manager.explorer.delete','application::csreport.csreport',NULL,'[]',1,'2020-10-18 08:51:28','2020-10-18 08:51:28'),(1043,'plugins::content-manager.explorer.delete','application::cssite.cssite',NULL,'[]',1,'2020-10-18 08:51:28','2020-10-18 08:51:28'),(1044,'plugins::content-manager.explorer.delete','application::cstype.cstype',NULL,'[]',1,'2020-10-18 08:51:28','2020-10-18 08:51:28'),(1045,'plugins::content-manager.explorer.delete','application::excludeclient.excludeclient',NULL,'[]',1,'2020-10-18 08:51:28','2020-10-18 08:51:28'),(1046,'plugins::content-manager.explorer.delete','application::excludecmdr.excludecmdr',NULL,'[]',1,'2020-10-18 08:51:28','2020-10-18 08:51:28'),(1047,'plugins::content-manager.explorer.delete','application::excludecodex.excludecodex',NULL,'[]',1,'2020-10-18 08:51:28','2020-10-18 08:51:28'),(1048,'plugins::content-manager.explorer.delete','application::excludeevent.excludeevent',NULL,'[]',1,'2020-10-18 08:51:28','2020-10-18 08:51:28'),(1049,'plugins::content-manager.explorer.delete','application::excludefss.excludefss',NULL,'[]',1,'2020-10-18 08:51:28','2020-10-18 08:51:28'),(1050,'plugins::content-manager.explorer.delete','application::fgreport.fgreport',NULL,'[]',1,'2020-10-18 08:51:28','2020-10-18 08:51:28'),(1051,'plugins::content-manager.explorer.delete','application::fgsite.fgsite',NULL,'[]',1,'2020-10-18 08:51:28','2020-10-18 08:51:28'),(1052,'plugins::content-manager.explorer.delete','application::fgtype.fgtype',NULL,'[]',1,'2020-10-18 08:51:28','2020-10-18 08:51:28'),(1053,'plugins::content-manager.explorer.delete','application::fmreport.fmreport',NULL,'[]',1,'2020-10-18 08:51:28','2020-10-18 08:51:28'),(1054,'plugins::content-manager.explorer.delete','application::fmsite.fmsite',NULL,'[]',1,'2020-10-18 08:51:28','2020-10-18 08:51:28'),(1055,'plugins::content-manager.explorer.delete','application::fmtype.fmtype',NULL,'[]',1,'2020-10-18 08:51:28','2020-10-18 08:51:28'),(1056,'plugins::content-manager.explorer.delete','application::gbmessage.gbmessage',NULL,'[]',1,'2020-10-18 08:51:28','2020-10-18 08:51:28'),(1057,'plugins::content-manager.explorer.delete','application::gbreport.gbreport',NULL,'[]',1,'2020-10-18 08:51:28','2020-10-18 08:51:28'),(1058,'plugins::content-manager.explorer.delete','application::gbsite.gbsite',NULL,'[]',1,'2020-10-18 08:51:28','2020-10-18 08:51:28'),(1059,'plugins::content-manager.explorer.delete','application::genlog.genlog',NULL,'[]',1,'2020-10-18 08:51:28','2020-10-18 08:51:28'),(1060,'plugins::content-manager.explorer.delete','application::genreport.genreport',NULL,'[]',1,'2020-10-18 08:51:28','2020-10-18 08:51:28'),(1061,'plugins::content-manager.explorer.delete','application::gensite.gensite',NULL,'[]',1,'2020-10-18 08:51:28','2020-10-18 08:51:28'),(1062,'plugins::content-manager.explorer.delete','application::gractivegroup.gractivegroup',NULL,'[]',1,'2020-10-18 08:51:28','2020-10-18 08:51:28'),(1063,'plugins::content-manager.explorer.delete','application::gractiveobelisk.gractiveobelisk',NULL,'[]',1,'2020-10-18 08:51:28','2020-10-18 08:51:28'),(1064,'plugins::content-manager.explorer.delete','application::grartifact.grartifact',NULL,'[]',1,'2020-10-18 08:51:28','2020-10-18 08:51:28'),(1065,'plugins::content-manager.explorer.delete','application::grcodexcategory.grcodexcategory',NULL,'[]',1,'2020-10-18 08:51:28','2020-10-18 08:51:28'),(1066,'plugins::content-manager.explorer.delete','application::grcodexdata.grcodexdata',NULL,'[]',1,'2020-10-18 08:51:28','2020-10-18 08:51:28'),(1067,'plugins::content-manager.explorer.delete','application::grobelisk.grobelisk',NULL,'[]',1,'2020-10-18 08:51:28','2020-10-18 08:51:28'),(1068,'plugins::content-manager.explorer.delete','application::grobeliskgroup.grobeliskgroup',NULL,'[]',1,'2020-10-18 08:51:28','2020-10-18 08:51:28'),(1069,'plugins::content-manager.explorer.delete','application::grobeliskreport.grobeliskreport',NULL,'[]',1,'2020-10-18 08:51:28','2020-10-18 08:51:28'),(1070,'plugins::content-manager.explorer.delete','application::grreport.grreport',NULL,'[]',1,'2020-10-18 08:51:28','2020-10-18 08:51:28'),(1071,'plugins::content-manager.explorer.delete','application::grsite.grsite',NULL,'[]',1,'2020-10-18 08:51:28','2020-10-18 08:51:28'),(1072,'plugins::content-manager.explorer.delete','application::grtype.grtype',NULL,'[]',1,'2020-10-18 08:51:28','2020-10-18 08:51:28'),(1073,'plugins::content-manager.explorer.delete','application::gsactivegroup.gsactivegroup',NULL,'[]',1,'2020-10-18 08:51:28','2020-10-18 08:51:28'),(1074,'plugins::content-manager.explorer.delete','application::gsactiveobelisk.gsactiveobelisk',NULL,'[]',1,'2020-10-18 08:51:28','2020-10-18 08:51:28'),(1075,'plugins::content-manager.explorer.delete','application::gsartifact.gsartifact',NULL,'[]',1,'2020-10-18 08:51:28','2020-10-18 08:51:28'),(1076,'plugins::content-manager.explorer.delete','application::gscodexcategory.gscodexcategory',NULL,'[]',1,'2020-10-18 08:51:28','2020-10-18 08:51:28'),(1077,'plugins::content-manager.explorer.delete','application::gscodexdata.gscodexdata',NULL,'[]',1,'2020-10-18 08:51:28','2020-10-18 08:51:28'),(1078,'plugins::content-manager.explorer.delete','application::gsobelisk.gsobelisk',NULL,'[]',1,'2020-10-18 08:51:28','2020-10-18 08:51:28'),(1079,'plugins::content-manager.explorer.delete','application::gsobeliskgroup.gsobeliskgroup',NULL,'[]',1,'2020-10-18 08:51:28','2020-10-18 08:51:28'),(1080,'plugins::content-manager.explorer.delete','application::gsobeliskreport.gsobeliskreport',NULL,'[]',1,'2020-10-18 08:51:28','2020-10-18 08:51:28'),(1081,'plugins::content-manager.explorer.delete','application::gsreport.gsreport',NULL,'[]',1,'2020-10-18 08:51:28','2020-10-18 08:51:28'),(1082,'plugins::content-manager.explorer.delete','application::gssite.gssite',NULL,'[]',1,'2020-10-18 08:51:28','2020-10-18 08:51:28'),(1083,'plugins::content-manager.explorer.delete','application::gvreport.gvreport',NULL,'[]',1,'2020-10-18 08:51:28','2020-10-18 08:51:28'),(1084,'plugins::content-manager.explorer.delete','application::gstype.gstype',NULL,'[]',1,'2020-10-18 08:51:28','2020-10-18 08:51:28'),(1085,'plugins::content-manager.explorer.delete','application::gvsite.gvsite',NULL,'[]',1,'2020-10-18 08:51:28','2020-10-18 08:51:28'),(1086,'plugins::content-manager.explorer.delete','application::gvtype.gvtype',NULL,'[]',1,'2020-10-18 08:51:28','2020-10-18 08:51:28'),(1087,'plugins::content-manager.explorer.delete','application::gyreport.gyreport',NULL,'[]',1,'2020-10-18 08:51:28','2020-10-18 08:51:28'),(1088,'plugins::content-manager.explorer.delete','application::gysite.gysite',NULL,'[]',1,'2020-10-18 08:51:28','2020-10-18 08:51:28'),(1089,'plugins::content-manager.explorer.delete','application::gytype.gytype',NULL,'[]',1,'2020-10-18 08:51:28','2020-10-18 08:51:28'),(1090,'plugins::content-manager.explorer.delete','application::hdreport.hdreport',NULL,'[]',1,'2020-10-18 08:51:28','2020-10-18 08:51:28'),(1091,'plugins::content-manager.explorer.delete','application::killreport.killreport',NULL,'[]',1,'2020-10-18 08:51:28','2020-10-18 08:51:28'),(1092,'plugins::content-manager.explorer.delete','application::lcfssreport.lcfssreport',NULL,'[]',1,'2020-10-18 08:51:28','2020-10-18 08:51:28'),(1093,'plugins::content-manager.explorer.delete','application::lsreport.lsreport',NULL,'[]',1,'2020-10-18 08:51:28','2020-10-18 08:51:28'),(1094,'plugins::content-manager.explorer.delete','application::lssite.lssite',NULL,'[]',1,'2020-10-18 08:51:28','2020-10-18 08:51:28'),(1095,'plugins::content-manager.explorer.delete','application::lstype.lstype',NULL,'[]',1,'2020-10-18 08:51:28','2020-10-18 08:51:28'),(1096,'plugins::content-manager.explorer.delete','application::materialreport.materialreport',NULL,'[]',1,'2020-10-18 08:51:28','2020-10-18 08:51:28'),(1097,'plugins::content-manager.explorer.delete','application::nhssreport.nhssreport',NULL,'[]',1,'2020-10-18 08:51:28','2020-10-18 08:51:28'),(1098,'plugins::content-manager.explorer.delete','application::permitlock.permitlock',NULL,'[]',1,'2020-10-18 08:51:28','2020-10-18 08:51:28'),(1099,'plugins::content-manager.explorer.delete','application::region.region',NULL,'[]',1,'2020-10-18 08:51:28','2020-10-18 08:51:28'),(1100,'plugins::content-manager.explorer.delete','application::point-of-interest.point-of-interest',NULL,'[]',1,'2020-10-18 08:51:28','2020-10-18 08:51:28'),(1101,'plugins::content-manager.explorer.delete','application::reportcodex.reportcodex',NULL,'[]',1,'2020-10-18 08:51:28','2020-10-18 08:51:28'),(1102,'plugins::content-manager.explorer.delete','application::reportevent.reportevent',NULL,'[]',1,'2020-10-18 08:51:28','2020-10-18 08:51:28'),(1103,'plugins::content-manager.explorer.delete','application::reportfss.reportfss',NULL,'[]',1,'2020-10-18 08:51:28','2020-10-18 08:51:28'),(1104,'plugins::content-manager.explorer.delete','application::reporttype.reporttype',NULL,'[]',1,'2020-10-18 08:51:28','2020-10-18 08:51:28'),(1105,'plugins::content-manager.explorer.delete','application::ring.ring',NULL,'[]',1,'2020-10-18 08:51:28','2020-10-18 08:51:28'),(1106,'plugins::content-manager.explorer.delete','application::system.system',NULL,'[]',1,'2020-10-18 08:51:28','2020-10-18 08:51:28'),(1107,'plugins::content-manager.explorer.delete','application::tbcycle.tbcycle',NULL,'[]',1,'2020-10-18 08:51:28','2020-10-18 08:51:28'),(1108,'plugins::content-manager.explorer.delete','application::tbreport.tbreport',NULL,'[]',1,'2020-10-18 08:51:28','2020-10-18 08:51:28'),(1109,'plugins::content-manager.explorer.delete','application::tbsite.tbsite',NULL,'[]',1,'2020-10-18 08:51:28','2020-10-18 08:51:28'),(1110,'plugins::content-manager.explorer.delete','application::tbsubtype.tbsubtype',NULL,'[]',1,'2020-10-18 08:51:28','2020-10-18 08:51:28'),(1111,'plugins::content-manager.explorer.delete','application::tbtype.tbtype',NULL,'[]',1,'2020-10-18 08:51:28','2020-10-18 08:51:28'),(1112,'plugins::content-manager.explorer.delete','application::tsreport.tsreport',NULL,'[]',1,'2020-10-18 08:51:28','2020-10-18 08:51:28'),(1113,'plugins::content-manager.explorer.delete','application::tssite.tssite',NULL,'[]',1,'2020-10-18 08:51:28','2020-10-18 08:51:28'),(1114,'plugins::content-manager.explorer.delete','application::tsstatus.tsstatus',NULL,'[]',1,'2020-10-18 08:51:28','2020-10-18 08:51:28'),(1115,'plugins::content-manager.explorer.delete','application::twreport.twreport',NULL,'[]',1,'2020-10-18 08:51:28','2020-10-18 08:51:28'),(1116,'plugins::content-manager.explorer.delete','application::twsite.twsite',NULL,'[]',1,'2020-10-18 08:51:28','2020-10-18 08:51:28'),(1117,'plugins::content-manager.explorer.delete','application::twtype.twtype',NULL,'[]',1,'2020-10-18 08:51:28','2020-10-18 08:51:28'),(1118,'plugins::content-manager.explorer.delete','plugins::users-permissions.user',NULL,'[]',1,'2020-10-18 08:51:28','2020-10-18 08:51:28'),(1119,'plugins::content-type-builder.read',NULL,NULL,'[]',1,'2020-10-18 08:51:28','2020-10-18 08:51:28'),(1120,'plugins::documentation.read',NULL,NULL,'[]',1,'2020-10-18 08:51:28','2020-10-18 08:51:28'),(1121,'plugins::documentation.settings.update',NULL,NULL,'[]',1,'2020-10-18 08:51:28','2020-10-18 08:51:28'),(1122,'plugins::documentation.settings.regenerate',NULL,NULL,'[]',1,'2020-10-18 08:51:28','2020-10-18 08:51:28'),(1123,'plugins::upload.read',NULL,NULL,'[]',1,'2020-10-18 08:51:28','2020-10-18 08:51:28'),(1124,'plugins::upload.assets.create',NULL,NULL,'[]',1,'2020-10-18 08:51:28','2020-10-18 08:51:28'),(1125,'plugins::upload.assets.update',NULL,NULL,'[]',1,'2020-10-18 08:51:28','2020-10-18 08:51:28'),(1126,'plugins::upload.assets.copy-link',NULL,NULL,'[]',1,'2020-10-18 08:51:28','2020-10-18 08:51:28'),(1127,'plugins::upload.assets.download',NULL,NULL,'[]',1,'2020-10-18 08:51:28','2020-10-18 08:51:28'),(1128,'plugins::upload.settings.read',NULL,NULL,'[]',1,'2020-10-18 08:51:28','2020-10-18 08:51:28'),(1129,'plugins::users-permissions.roles.create',NULL,NULL,'[]',1,'2020-10-18 08:51:28','2020-10-18 08:51:28'),(1130,'plugins::users-permissions.roles.read',NULL,NULL,'[]',1,'2020-10-18 08:51:28','2020-10-18 08:51:28'),(1131,'plugins::users-permissions.roles.update',NULL,NULL,'[]',1,'2020-10-18 08:51:28','2020-10-18 08:51:28'),(1132,'plugins::users-permissions.roles.delete',NULL,NULL,'[]',1,'2020-10-18 08:51:28','2020-10-18 08:51:28'),(1133,'plugins::users-permissions.providers.read',NULL,NULL,'[]',1,'2020-10-18 08:51:28','2020-10-18 08:51:28'),(1134,'plugins::users-permissions.providers.update',NULL,NULL,'[]',1,'2020-10-18 08:51:28','2020-10-18 08:51:28'),(1135,'plugins::users-permissions.email-templates.read',NULL,NULL,'[]',1,'2020-10-18 08:51:28','2020-10-18 08:51:28'),(1136,'plugins::users-permissions.email-templates.update',NULL,NULL,'[]',1,'2020-10-18 08:51:28','2020-10-18 08:51:28'),(1137,'plugins::users-permissions.advanced-settings.read',NULL,NULL,'[]',1,'2020-10-18 08:51:28','2020-10-18 08:51:28'),(1138,'plugins::users-permissions.advanced-settings.update',NULL,NULL,'[]',1,'2020-10-18 08:51:28','2020-10-18 08:51:28'),(1139,'plugins::content-manager.single-types.configure-view',NULL,NULL,'[]',1,'2020-10-18 08:51:28','2020-10-18 08:51:28'),(1140,'plugins::content-manager.collection-types.configure-view',NULL,NULL,'[]',1,'2020-10-18 08:51:28','2020-10-18 08:51:28'),(1141,'plugins::content-manager.components.configure-layout',NULL,NULL,'[]',1,'2020-10-18 08:51:28','2020-10-18 08:51:28'),(1142,'admin::marketplace.read',NULL,NULL,'[]',1,'2020-10-18 08:51:28','2020-10-18 08:51:28'),(1143,'admin::marketplace.plugins.install',NULL,NULL,'[]',1,'2020-10-18 08:51:28','2020-10-18 08:51:28'),(1144,'admin::marketplace.plugins.uninstall',NULL,NULL,'[]',1,'2020-10-18 08:51:28','2020-10-18 08:51:28'),(1145,'admin::webhooks.create',NULL,NULL,'[]',1,'2020-10-18 08:51:28','2020-10-18 08:51:28'),(1146,'admin::webhooks.read',NULL,NULL,'[]',1,'2020-10-18 08:51:28','2020-10-18 08:51:28'),(1147,'admin::webhooks.delete',NULL,NULL,'[]',1,'2020-10-18 08:51:28','2020-10-18 08:51:29'),(1148,'admin::webhooks.update',NULL,NULL,'[]',1,'2020-10-18 08:51:28','2020-10-18 08:51:29'),(1149,'admin::users.create',NULL,NULL,'[]',1,'2020-10-18 08:51:28','2020-10-18 08:51:29'),(1150,'admin::users.read',NULL,NULL,'[]',1,'2020-10-18 08:51:28','2020-10-18 08:51:29'),(1151,'admin::users.update',NULL,NULL,'[]',1,'2020-10-18 08:51:28','2020-10-18 08:51:29'),(1152,'admin::users.delete',NULL,NULL,'[]',1,'2020-10-18 08:51:28','2020-10-18 08:51:29'),(1153,'admin::roles.create',NULL,NULL,'[]',1,'2020-10-18 08:51:28','2020-10-18 08:51:29'),(1154,'admin::roles.read',NULL,NULL,'[]',1,'2020-10-18 08:51:28','2020-10-18 08:51:29'),(1155,'admin::roles.update',NULL,NULL,'[]',1,'2020-10-18 08:51:28','2020-10-18 08:51:29'),(1156,'admin::roles.delete',NULL,NULL,'[]',1,'2020-10-18 08:51:28','2020-10-18 08:51:29'),(1157,'plugins::content-manager.explorer.create','application::apreport.apreport','[\"userType\",\"reportType\",\"systemName\",\"bodyName\",\"latitude\",\"longitude\",\"cmdrName\",\"clientVersion\",\"reportStatus\",\"systemAddress\",\"regionID\",\"coordX\",\"coordY\",\"coordZ\",\"type\",\"frontierID\",\"cmdrComment\",\"isBeta\",\"reportComment\",\"voteCount\",\"added\",\"site\"]','[]',4,'2020-10-18 10:32:21','2020-10-18 10:32:21'),(1158,'plugins::content-manager.explorer.read','application::apreport.apreport','[\"userType\",\"reportType\",\"systemName\",\"bodyName\",\"latitude\",\"longitude\",\"cmdrName\",\"clientVersion\",\"reportStatus\",\"systemAddress\",\"regionID\",\"coordX\",\"coordY\",\"coordZ\",\"type\",\"frontierID\",\"cmdrComment\",\"isBeta\",\"reportComment\",\"voteCount\",\"added\",\"site\"]','[]',4,'2020-10-18 10:32:21','2020-10-18 10:32:21'),(1159,'plugins::content-manager.explorer.update','application::apreport.apreport','[\"userType\",\"reportType\",\"systemName\",\"bodyName\",\"latitude\",\"longitude\",\"cmdrName\",\"clientVersion\",\"reportStatus\",\"systemAddress\",\"regionID\",\"coordX\",\"coordY\",\"coordZ\",\"type\",\"frontierID\",\"cmdrComment\",\"isBeta\",\"reportComment\",\"voteCount\",\"added\",\"site\"]','[]',4,'2020-10-18 10:32:21','2020-10-18 10:32:21'),(1160,'plugins::content-manager.explorer.read','application::apsite.apsite','[\"siteID\",\"latitude\",\"longitude\",\"system\",\"body\",\"type\",\"frontierID\",\"verified\",\"visible\",\"discoveredBy\"]','[]',4,'2020-10-18 10:32:21','2020-10-18 10:32:21'),(1161,'plugins::content-manager.explorer.update','application::apsite.apsite','[\"siteID\",\"latitude\",\"longitude\",\"system\",\"body\",\"type\",\"frontierID\",\"verified\",\"visible\",\"discoveredBy\"]','[]',4,'2020-10-18 10:32:21','2020-10-18 10:32:21'),(1162,'plugins::content-manager.explorer.read','application::aptype.aptype','[\"type\",\"journalName\",\"journalID\"]','[]',4,'2020-10-18 10:32:21','2020-10-18 10:32:21'),(1163,'plugins::content-manager.explorer.read','application::axczfssreport.axczfssreport','[\"reportStatus\",\"cmdrName\",\"systemName\",\"systemAddress\",\"signalName\",\"signalNameLocalised\",\"isBeta\",\"clientVersion\",\"rawJson\"]','[]',4,'2020-10-18 10:32:21','2020-10-18 10:32:21'),(1164,'plugins::content-manager.explorer.create','application::bmreport.bmreport','[\"userType\",\"reportType\",\"systemName\",\"bodyName\",\"latitude\",\"longitude\",\"cmdrName\",\"clientVersion\",\"reportStatus\",\"systemAddress\",\"regionID\",\"coordX\",\"coordY\",\"coordZ\",\"type\",\"frontierID\",\"cmdrComment\",\"isBeta\",\"reportComment\",\"voteCount\",\"added\",\"site\"]','[]',4,'2020-10-18 10:32:21','2020-10-18 10:32:21'),(1165,'plugins::content-manager.explorer.read','application::bmreport.bmreport','[\"userType\",\"reportType\",\"systemName\",\"bodyName\",\"latitude\",\"longitude\",\"cmdrName\",\"clientVersion\",\"reportStatus\",\"systemAddress\",\"regionID\",\"coordX\",\"coordY\",\"coordZ\",\"type\",\"frontierID\",\"cmdrComment\",\"isBeta\",\"reportComment\",\"voteCount\",\"added\",\"site\"]','[]',4,'2020-10-18 10:32:21','2020-10-18 10:32:21'),(1166,'plugins::content-manager.explorer.update','application::bmreport.bmreport','[\"userType\",\"reportType\",\"systemName\",\"bodyName\",\"latitude\",\"longitude\",\"cmdrName\",\"clientVersion\",\"reportStatus\",\"systemAddress\",\"regionID\",\"coordX\",\"coordY\",\"coordZ\",\"type\",\"frontierID\",\"cmdrComment\",\"isBeta\",\"reportComment\",\"voteCount\",\"added\",\"site\"]','[]',4,'2020-10-18 10:32:21','2020-10-18 10:32:21'),(1167,'plugins::content-manager.explorer.read','application::bmsite.bmsite','[\"siteID\",\"latitude\",\"longitude\",\"system\",\"body\",\"type\",\"frontierID\",\"verified\",\"visible\",\"discoveredBy\"]','[]',4,'2020-10-18 10:32:21','2020-10-18 10:32:21'),(1168,'plugins::content-manager.explorer.update','application::bmsite.bmsite','[\"siteID\",\"latitude\",\"longitude\",\"system\",\"body\",\"type\",\"frontierID\",\"verified\",\"visible\",\"discoveredBy\"]','[]',4,'2020-10-18 10:32:21','2020-10-18 10:32:21'),(1169,'plugins::content-manager.explorer.read','application::bmtype.bmtype','[\"type\",\"journalName\",\"journalID\"]','[]',4,'2020-10-18 10:32:21','2020-10-18 10:32:21'),(1170,'plugins::content-manager.explorer.read','application::body.body','[\"bodyName\",\"system\",\"id64\",\"edsmID\",\"bodyID\",\"type\",\"subType\",\"offset\",\"distanceToArrival\",\"isMainStar\",\"isScoopable\",\"isLandable\",\"age\",\"luminosity\",\"absoluteMagnitude\",\"solarMasses\",\"solarRadius\",\"gravity\",\"earthMasses\",\"radius\",\"surfaceTemperature\",\"surfacePressure\",\"volcanismType\",\"atmosphereType\",\"terraformingState\",\"orbitalPeriod\",\"semiMajorAxis\",\"orbitalEccentricity\",\"orbitalInclination\",\"argOfPeriapsis\",\"rotationalPeriod\",\"rotationalPeriodTidallyLocked\",\"axialTilt\",\"solidComposition\",\"atmosphere\",\"material\",\"missingSkipCount\",\"rings\",\"apsites\",\"bmsites\",\"btsites\",\"cssites\",\"fgsites\",\"fmsites\",\"gbsites\",\"gensites\",\"grsites\",\"gssites\",\"gvsites\",\"gysites\",\"lssites\",\"tbsites\",\"tssites\",\"twsites\"]','[]',4,'2020-10-18 10:32:21','2020-10-18 10:32:21'),(1171,'plugins::content-manager.explorer.create','application::btreport.btreport','[\"userType\",\"reportType\",\"systemName\",\"bodyName\",\"latitude\",\"longitude\",\"cmdrName\",\"clientVersion\",\"reportStatus\",\"systemAddress\",\"regionID\",\"coordX\",\"coordY\",\"coordZ\",\"type\",\"frontierID\",\"cmdrComment\",\"isBeta\",\"reportComment\",\"voteCount\",\"added\",\"site\"]','[]',4,'2020-10-18 10:32:21','2020-10-18 10:32:21'),(1172,'plugins::content-manager.explorer.read','application::btreport.btreport','[\"userType\",\"reportType\",\"systemName\",\"bodyName\",\"latitude\",\"longitude\",\"cmdrName\",\"clientVersion\",\"reportStatus\",\"systemAddress\",\"regionID\",\"coordX\",\"coordY\",\"coordZ\",\"type\",\"frontierID\",\"cmdrComment\",\"isBeta\",\"reportComment\",\"voteCount\",\"added\",\"site\"]','[]',4,'2020-10-18 10:32:21','2020-10-18 10:32:21'),(1173,'plugins::content-manager.explorer.update','application::btreport.btreport','[\"userType\",\"reportType\",\"systemName\",\"bodyName\",\"latitude\",\"longitude\",\"cmdrName\",\"clientVersion\",\"reportStatus\",\"systemAddress\",\"regionID\",\"coordX\",\"coordY\",\"coordZ\",\"type\",\"frontierID\",\"cmdrComment\",\"isBeta\",\"reportComment\",\"voteCount\",\"added\",\"site\"]','[]',4,'2020-10-18 10:32:21','2020-10-18 10:32:21'),(1174,'plugins::content-manager.explorer.read','application::btsite.btsite','[\"siteID\",\"latitude\",\"longitude\",\"system\",\"body\",\"type\",\"frontierID\",\"verified\",\"visible\",\"discoveredBy\"]','[]',4,'2020-10-18 10:32:21','2020-10-18 10:32:21'),(1175,'plugins::content-manager.explorer.update','application::btsite.btsite','[\"siteID\",\"latitude\",\"longitude\",\"system\",\"body\",\"type\",\"frontierID\",\"verified\",\"visible\",\"discoveredBy\"]','[]',4,'2020-10-18 10:32:21','2020-10-18 10:32:21'),(1176,'plugins::content-manager.explorer.read','application::bttype.bttype','[\"type\",\"journalName\",\"journalID\"]','[]',4,'2020-10-18 10:32:21','2020-10-18 10:32:21'),(1177,'plugins::content-manager.explorer.read','application::cmdr.cmdr','[\"cmdrName\",\"cmdrkill\"]','[]',4,'2020-10-18 10:32:21','2020-10-18 10:32:21'),(1178,'plugins::content-manager.explorer.update','application::cmdr.cmdr','[\"cmdrName\",\"cmdrkill\"]','[]',4,'2020-10-18 10:32:21','2020-10-18 10:32:21'),(1179,'plugins::content-manager.explorer.create','application::csreport.csreport','[\"userType\",\"reportType\",\"systemName\",\"bodyName\",\"latitude\",\"longitude\",\"cmdrName\",\"clientVersion\",\"reportStatus\",\"systemAddress\",\"regionID\",\"coordX\",\"coordY\",\"coordZ\",\"type\",\"frontierID\",\"cmdrComment\",\"isBeta\",\"reportComment\",\"voteCount\",\"added\",\"site\"]','[]',4,'2020-10-18 10:32:21','2020-10-18 10:32:21'),(1180,'plugins::content-manager.explorer.read','application::csreport.csreport','[\"userType\",\"reportType\",\"systemName\",\"bodyName\",\"latitude\",\"longitude\",\"cmdrName\",\"clientVersion\",\"reportStatus\",\"systemAddress\",\"regionID\",\"coordX\",\"coordY\",\"coordZ\",\"type\",\"frontierID\",\"cmdrComment\",\"isBeta\",\"reportComment\",\"voteCount\",\"added\",\"site\"]','[]',4,'2020-10-18 10:32:21','2020-10-18 10:32:21'),(1181,'plugins::content-manager.explorer.update','application::csreport.csreport','[\"userType\",\"reportType\",\"systemName\",\"bodyName\",\"latitude\",\"longitude\",\"cmdrName\",\"clientVersion\",\"reportStatus\",\"systemAddress\",\"regionID\",\"coordX\",\"coordY\",\"coordZ\",\"type\",\"frontierID\",\"cmdrComment\",\"isBeta\",\"reportComment\",\"voteCount\",\"added\",\"site\"]','[]',4,'2020-10-18 10:32:21','2020-10-18 10:32:21'),(1182,'plugins::content-manager.explorer.read','application::cssite.cssite','[\"siteID\",\"latitude\",\"longitude\",\"verified\",\"system\",\"body\",\"type\",\"frontierID\",\"visible\",\"discoveredBy\"]','[]',4,'2020-10-18 10:32:21','2020-10-18 10:32:21'),(1183,'plugins::content-manager.explorer.update','application::cssite.cssite','[\"siteID\",\"latitude\",\"longitude\",\"verified\",\"system\",\"body\",\"type\",\"frontierID\",\"visible\",\"discoveredBy\"]','[]',4,'2020-10-18 10:32:21','2020-10-18 10:32:21'),(1184,'plugins::content-manager.explorer.read','application::cstype.cstype','[\"type\",\"journalName\",\"journalID\"]','[]',4,'2020-10-18 10:32:21','2020-10-18 10:32:21'),(1185,'plugins::content-manager.explorer.create','application::fgreport.fgreport','[\"userType\",\"reportType\",\"systemName\",\"bodyName\",\"latitude\",\"longitude\",\"cmdrName\",\"clientVersion\",\"reportStatus\",\"systemAddress\",\"regionID\",\"coordX\",\"coordY\",\"coordZ\",\"type\",\"frontierID\",\"cmdrComment\",\"isBeta\",\"reportComment\",\"voteCount\",\"added\",\"site\"]','[]',4,'2020-10-18 10:32:21','2020-10-18 10:32:21'),(1186,'plugins::content-manager.explorer.read','application::fgreport.fgreport','[\"userType\",\"reportType\",\"systemName\",\"bodyName\",\"latitude\",\"longitude\",\"cmdrName\",\"clientVersion\",\"reportStatus\",\"systemAddress\",\"regionID\",\"coordX\",\"coordY\",\"coordZ\",\"type\",\"frontierID\",\"cmdrComment\",\"isBeta\",\"reportComment\",\"voteCount\",\"added\",\"site\"]','[]',4,'2020-10-18 10:32:21','2020-10-18 10:32:21'),(1187,'plugins::content-manager.explorer.update','application::fgreport.fgreport','[\"userType\",\"reportType\",\"systemName\",\"bodyName\",\"latitude\",\"longitude\",\"cmdrName\",\"clientVersion\",\"reportStatus\",\"systemAddress\",\"regionID\",\"coordX\",\"coordY\",\"coordZ\",\"type\",\"frontierID\",\"cmdrComment\",\"isBeta\",\"reportComment\",\"voteCount\",\"added\",\"site\"]','[]',4,'2020-10-18 10:32:21','2020-10-18 10:32:21'),(1188,'plugins::content-manager.explorer.read','application::fgsite.fgsite','[\"siteID\",\"latitude\",\"longitude\",\"system\",\"body\",\"type\",\"frontierID\",\"verified\",\"visible\",\"discoveredBy\"]','[]',4,'2020-10-18 10:32:21','2020-10-18 10:32:21'),(1189,'plugins::content-manager.explorer.update','application::fgsite.fgsite','[\"siteID\",\"latitude\",\"longitude\",\"system\",\"body\",\"type\",\"frontierID\",\"verified\",\"visible\",\"discoveredBy\"]','[]',4,'2020-10-18 10:32:21','2020-10-18 10:32:21'),(1190,'plugins::content-manager.explorer.read','application::fgtype.fgtype','[\"type\",\"journalName\",\"journalID\"]','[]',4,'2020-10-18 10:32:21','2020-10-18 10:32:21'),(1191,'plugins::content-manager.explorer.create','application::fmreport.fmreport','[\"userType\",\"reportType\",\"systemName\",\"bodyName\",\"latitude\",\"longitude\",\"cmdrName\",\"clientVersion\",\"reportStatus\",\"systemAddress\",\"regionID\",\"coordX\",\"coordY\",\"coordZ\",\"type\",\"frontierID\",\"cmdrComment\",\"isBeta\",\"reportComment\",\"voteCount\",\"added\",\"site\"]','[]',4,'2020-10-18 10:32:21','2020-10-18 10:32:21'),(1192,'plugins::content-manager.explorer.read','application::fmreport.fmreport','[\"userType\",\"reportType\",\"systemName\",\"bodyName\",\"latitude\",\"longitude\",\"cmdrName\",\"clientVersion\",\"reportStatus\",\"systemAddress\",\"regionID\",\"coordX\",\"coordY\",\"coordZ\",\"type\",\"frontierID\",\"cmdrComment\",\"isBeta\",\"reportComment\",\"voteCount\",\"added\",\"site\"]','[]',4,'2020-10-18 10:32:21','2020-10-18 10:32:21'),(1193,'plugins::content-manager.explorer.update','application::fmreport.fmreport','[\"userType\",\"reportType\",\"systemName\",\"bodyName\",\"latitude\",\"longitude\",\"cmdrName\",\"clientVersion\",\"reportStatus\",\"systemAddress\",\"regionID\",\"coordX\",\"coordY\",\"coordZ\",\"type\",\"frontierID\",\"cmdrComment\",\"isBeta\",\"reportComment\",\"voteCount\",\"added\",\"site\"]','[]',4,'2020-10-18 10:32:21','2020-10-18 10:32:21'),(1194,'plugins::content-manager.explorer.read','application::fmsite.fmsite','[\"siteID\",\"latitude\",\"longitude\",\"system\",\"body\",\"type\",\"frontierID\",\"verified\",\"visible\",\"discoveredBy\"]','[]',4,'2020-10-18 10:32:21','2020-10-18 10:32:21'),(1195,'plugins::content-manager.explorer.update','application::fmsite.fmsite','[\"siteID\",\"latitude\",\"longitude\",\"system\",\"body\",\"type\",\"frontierID\",\"verified\",\"visible\",\"discoveredBy\"]','[]',4,'2020-10-18 10:32:21','2020-10-18 10:32:21'),(1196,'plugins::content-manager.explorer.read','application::fmtype.fmtype','[\"type\",\"journalName\",\"journalID\"]','[]',4,'2020-10-18 10:32:21','2020-10-18 10:32:21'),(1197,'plugins::content-manager.explorer.create','application::gbmessage.gbmessage','[\"latitude\",\"longitude\",\"gbsite\",\"messageSystem\",\"messageBody\"]','[]',4,'2020-10-18 10:32:21','2020-10-18 10:32:21'),(1198,'plugins::content-manager.explorer.read','application::gbmessage.gbmessage','[\"latitude\",\"longitude\",\"gbsite\",\"messageSystem\",\"messageBody\"]','[]',4,'2020-10-18 10:32:21','2020-10-18 10:32:21'),(1199,'plugins::content-manager.explorer.update','application::gbmessage.gbmessage','[\"latitude\",\"longitude\",\"gbsite\",\"messageSystem\",\"messageBody\"]','[]',4,'2020-10-18 10:32:21','2020-10-18 10:32:21'),(1200,'plugins::content-manager.explorer.create','application::gbreport.gbreport','[\"userType\",\"reportType\",\"systemName\",\"cmdrName\",\"clientVersion\",\"reportStatus\",\"systemAddress\",\"regionID\",\"coordX\",\"coordY\",\"coordZ\",\"bodyName\",\"messageSystem\",\"messageBody\",\"messageLatitude\",\"messageLongitude\",\"cmdrComment\",\"isBeta\",\"screenshot\",\"reportComment\",\"voteCount\",\"added\",\"site\"]','[]',4,'2020-10-18 10:32:21','2020-10-18 10:32:21'),(1201,'plugins::content-manager.explorer.read','application::gbreport.gbreport','[\"userType\",\"reportType\",\"systemName\",\"cmdrName\",\"clientVersion\",\"reportStatus\",\"systemAddress\",\"regionID\",\"coordX\",\"coordY\",\"coordZ\",\"bodyName\",\"messageSystem\",\"messageBody\",\"messageLatitude\",\"messageLongitude\",\"cmdrComment\",\"isBeta\",\"screenshot\",\"reportComment\",\"voteCount\",\"added\",\"site\"]','[]',4,'2020-10-18 10:32:21','2020-10-18 10:32:21'),(1202,'plugins::content-manager.explorer.update','application::gbreport.gbreport','[\"userType\",\"reportType\",\"systemName\",\"cmdrName\",\"clientVersion\",\"reportStatus\",\"systemAddress\",\"regionID\",\"coordX\",\"coordY\",\"coordZ\",\"bodyName\",\"messageSystem\",\"messageBody\",\"messageLatitude\",\"messageLongitude\",\"cmdrComment\",\"isBeta\",\"screenshot\",\"reportComment\",\"voteCount\",\"added\",\"site\"]','[]',4,'2020-10-18 10:32:21','2020-10-18 10:32:21'),(1203,'plugins::content-manager.explorer.read','application::gbsite.gbsite','[\"siteID\",\"system\",\"body\",\"gssite\",\"verified\",\"visible\",\"gbmessage\",\"discoveredBy\"]','[]',4,'2020-10-18 10:32:21','2020-10-18 10:32:21'),(1204,'plugins::content-manager.explorer.update','application::gbsite.gbsite','[\"siteID\",\"system\",\"body\",\"gssite\",\"verified\",\"visible\",\"gbmessage\",\"discoveredBy\"]','[]',4,'2020-10-18 10:32:21','2020-10-18 10:32:21'),(1205,'plugins::content-manager.explorer.create','application::genlog.genlog','[\"logNumber\",\"logTitle\",\"gensite\",\"logBody\",\"audio\"]','[]',4,'2020-10-18 10:32:21','2020-10-18 10:32:21'),(1206,'plugins::content-manager.explorer.read','application::genlog.genlog','[\"logNumber\",\"logTitle\",\"gensite\",\"logBody\",\"audio\"]','[]',4,'2020-10-18 10:32:21','2020-10-18 10:32:21'),(1207,'plugins::content-manager.explorer.update','application::genlog.genlog','[\"logNumber\",\"logTitle\",\"gensite\",\"logBody\",\"audio\"]','[]',4,'2020-10-18 10:32:21','2020-10-18 10:32:21'),(1208,'plugins::content-manager.explorer.create','application::genreport.genreport','[\"userType\",\"reportType\",\"systemName\",\"shipName\",\"cmdrName\",\"clientVersion\",\"reportStatus\",\"systemAddress\",\"regionID\",\"coordX\",\"coordY\",\"coordZ\",\"orbitBody\",\"directionSystem\",\"distance\",\"cmdrComment\",\"isBeta\",\"screenshot\",\"reportComment\",\"voteCount\",\"added\",\"site\"]','[]',4,'2020-10-18 10:32:21','2020-10-18 10:32:21'),(1209,'plugins::content-manager.explorer.read','application::genreport.genreport','[\"userType\",\"reportType\",\"systemName\",\"shipName\",\"cmdrName\",\"clientVersion\",\"reportStatus\",\"systemAddress\",\"regionID\",\"coordX\",\"coordY\",\"coordZ\",\"orbitBody\",\"directionSystem\",\"distance\",\"cmdrComment\",\"isBeta\",\"screenshot\",\"reportComment\",\"voteCount\",\"added\",\"site\"]','[]',4,'2020-10-18 10:32:21','2020-10-18 10:32:21'),(1210,'plugins::content-manager.explorer.update','application::genreport.genreport','[\"userType\",\"reportType\",\"systemName\",\"shipName\",\"cmdrName\",\"clientVersion\",\"reportStatus\",\"systemAddress\",\"regionID\",\"coordX\",\"coordY\",\"coordZ\",\"orbitBody\",\"directionSystem\",\"distance\",\"cmdrComment\",\"isBeta\",\"screenshot\",\"reportComment\",\"voteCount\",\"added\",\"site\"]','[]',4,'2020-10-18 10:32:21','2020-10-18 10:32:21'),(1211,'plugins::content-manager.explorer.read','application::gensite.gensite','[\"siteID\",\"shipName\",\"system\",\"body\",\"directionSystem\",\"distance\",\"genlogs\",\"discoveredBy\"]','[]',4,'2020-10-18 10:32:21','2020-10-18 10:32:21'),(1212,'plugins::content-manager.explorer.update','application::gensite.gensite','[\"siteID\",\"shipName\",\"system\",\"body\",\"directionSystem\",\"distance\",\"genlogs\",\"discoveredBy\"]','[]',4,'2020-10-18 10:32:21','2020-10-18 10:32:21'),(1213,'plugins::content-manager.explorer.read','application::grartifact.grartifact','[\"artifactName\"]','[]',4,'2020-10-18 10:32:21','2020-10-18 10:32:21'),(1214,'plugins::content-manager.explorer.read','application::grcodexdata.grcodexdata','[\"codexNumber\",\"text\",\"grCodexCategory\",\"grPrimaryArtifact\",\"grSecondaryArtifact\"]','[]',4,'2020-10-18 10:32:21','2020-10-18 10:32:21'),(1215,'plugins::content-manager.explorer.read','application::grobelisk.grobelisk','[\"obeliskNumber\",\"grType\",\"grObeliskGroup\",\"broken\",\"grCodexData\",\"verified\"]','[]',4,'2020-10-18 10:32:21','2020-10-18 10:32:21'),(1216,'plugins::content-manager.explorer.read','application::grobeliskgroup.grobeliskgroup','[\"groupName\",\"amount\",\"grType\"]','[]',4,'2020-10-18 10:32:21','2020-10-18 10:32:21'),(1217,'plugins::content-manager.explorer.create','application::grreport.grreport','[\"userType\",\"reportType\",\"systemName\",\"bodyName\",\"latitude\",\"longitude\",\"type\",\"cmdrName\",\"clientVersion\",\"reportStatus\",\"systemAddress\",\"regionID\",\"coordX\",\"coordY\",\"coordZ\",\"frontierID\",\"cmdrComment\",\"isBeta\",\"screenshot\",\"reportComment\",\"voteCount\",\"added\",\"site\",\"grobeliskreport\"]','[]',4,'2020-10-18 10:32:21','2020-10-18 10:32:21'),(1218,'plugins::content-manager.explorer.read','application::grreport.grreport','[\"userType\",\"reportType\",\"systemName\",\"bodyName\",\"latitude\",\"longitude\",\"type\",\"cmdrName\",\"clientVersion\",\"reportStatus\",\"systemAddress\",\"regionID\",\"coordX\",\"coordY\",\"coordZ\",\"frontierID\",\"cmdrComment\",\"isBeta\",\"screenshot\",\"reportComment\",\"voteCount\",\"added\",\"site\",\"grobeliskreport\"]','[]',4,'2020-10-18 10:32:21','2020-10-18 10:32:21'),(1219,'plugins::content-manager.explorer.update','application::grreport.grreport','[\"userType\",\"reportType\",\"systemName\",\"bodyName\",\"latitude\",\"longitude\",\"type\",\"cmdrName\",\"clientVersion\",\"reportStatus\",\"systemAddress\",\"regionID\",\"coordX\",\"coordY\",\"coordZ\",\"frontierID\",\"cmdrComment\",\"isBeta\",\"screenshot\",\"reportComment\",\"voteCount\",\"added\",\"site\",\"grobeliskreport\"]','[]',4,'2020-10-18 10:32:21','2020-10-18 10:32:21'),(1220,'plugins::content-manager.explorer.read','application::grsite.grsite','[\"siteID\",\"latitude\",\"longitude\",\"system\",\"body\",\"type\",\"frontierID\",\"verified\",\"visible\",\"activeGroups\",\"activeObelisks\",\"discoveredBy\"]','[]',4,'2020-10-18 10:32:21','2020-10-18 10:32:21'),(1221,'plugins::content-manager.explorer.update','application::grsite.grsite','[\"siteID\",\"latitude\",\"longitude\",\"system\",\"body\",\"type\",\"frontierID\",\"verified\",\"visible\",\"activeGroups\",\"activeObelisks\",\"discoveredBy\"]','[]',4,'2020-10-18 10:32:21','2020-10-18 10:32:21'),(1222,'plugins::content-manager.explorer.read','application::grtype.grtype','[\"type\",\"journalName\"]','[]',4,'2020-10-18 10:32:21','2020-10-18 10:32:21'),(1223,'plugins::content-manager.explorer.read','application::gsartifact.gsartifact','[\"artifactName\"]','[]',4,'2020-10-18 10:32:21','2020-10-18 10:32:21'),(1224,'plugins::content-manager.explorer.read','application::gscodexcategory.gscodexcategory','[\"categoryName\"]','[]',4,'2020-10-18 10:32:21','2020-10-18 10:32:21'),(1225,'plugins::content-manager.explorer.read','application::gscodexdata.gscodexdata','[\"codexNumber\",\"text\",\"gsCodexCategory\",\"gsPrimaryArtifact\",\"gsSecondaryArtifact\",\"audio\"]','[]',4,'2020-10-18 10:32:21','2020-10-18 10:32:21'),(1226,'plugins::content-manager.explorer.read','application::gsobelisk.gsobelisk','[\"obeliskNumber\",\"gsType\",\"gsObeliskGroup\",\"broken\",\"gsCodexData\",\"verified\"]','[]',4,'2020-10-18 10:32:21','2020-10-18 10:32:21'),(1227,'plugins::content-manager.explorer.read','application::gsobeliskgroup.gsobeliskgroup','[\"groupName\",\"amount\",\"gsType\"]','[]',4,'2020-10-18 10:32:21','2020-10-18 10:32:21'),(1228,'plugins::content-manager.explorer.create','application::gsreport.gsreport','[\"userType\",\"reportType\",\"systemName\",\"bodyName\",\"latitude\",\"longitude\",\"type\",\"cmdrName\",\"clientVersion\",\"reportStatus\",\"systemAddress\",\"regionID\",\"coordX\",\"coordY\",\"coordZ\",\"frontierID\",\"cmdrComment\",\"isBeta\",\"screenshot\",\"reportComment\",\"voteCount\",\"added\",\"site\",\"gsobeliskreport\"]','[]',4,'2020-10-18 10:32:21','2020-10-18 10:32:21'),(1229,'plugins::content-manager.explorer.read','application::gsreport.gsreport','[\"userType\",\"reportType\",\"systemName\",\"bodyName\",\"latitude\",\"longitude\",\"type\",\"cmdrName\",\"clientVersion\",\"reportStatus\",\"systemAddress\",\"regionID\",\"coordX\",\"coordY\",\"coordZ\",\"frontierID\",\"cmdrComment\",\"isBeta\",\"screenshot\",\"reportComment\",\"voteCount\",\"added\",\"site\",\"gsobeliskreport\"]','[]',4,'2020-10-18 10:32:21','2020-10-18 10:32:21'),(1230,'plugins::content-manager.explorer.update','application::gsreport.gsreport','[\"userType\",\"reportType\",\"systemName\",\"bodyName\",\"latitude\",\"longitude\",\"type\",\"cmdrName\",\"clientVersion\",\"reportStatus\",\"systemAddress\",\"regionID\",\"coordX\",\"coordY\",\"coordZ\",\"frontierID\",\"cmdrComment\",\"isBeta\",\"screenshot\",\"reportComment\",\"voteCount\",\"added\",\"site\",\"gsobeliskreport\"]','[]',4,'2020-10-18 10:32:21','2020-10-18 10:32:21'),(1231,'plugins::content-manager.explorer.read','application::gssite.gssite','[\"siteID\",\"latitude\",\"longitude\",\"system\",\"body\",\"type\",\"frontierID\",\"verified\",\"visible\",\"activeGroups\",\"activeObelisks\",\"discoveredBy\"]','[]',4,'2020-10-18 10:32:21','2020-10-18 10:32:21'),(1232,'plugins::content-manager.explorer.update','application::gssite.gssite','[\"siteID\",\"latitude\",\"longitude\",\"system\",\"body\",\"type\",\"frontierID\",\"verified\",\"visible\",\"activeGroups\",\"activeObelisks\",\"discoveredBy\"]','[]',4,'2020-10-18 10:32:21','2020-10-18 10:32:21'),(1233,'plugins::content-manager.explorer.read','application::gstype.gstype','[\"type\",\"journalName\",\"blueprint\"]','[]',4,'2020-10-18 10:32:21','2020-10-18 10:32:21'),(1234,'plugins::content-manager.explorer.create','application::gvreport.gvreport','[\"userType\",\"reportType\",\"systemName\",\"bodyName\",\"latitude\",\"longitude\",\"cmdrName\",\"clientVersion\",\"reportStatus\",\"systemAddress\",\"regionID\",\"coordX\",\"coordY\",\"coordZ\",\"type\",\"frontierID\",\"cmdrComment\",\"isBeta\",\"reportComment\",\"voteCount\",\"added\",\"site\"]','[]',4,'2020-10-18 10:32:21','2020-10-18 10:32:21'),(1235,'plugins::content-manager.explorer.read','application::gvreport.gvreport','[\"userType\",\"reportType\",\"systemName\",\"bodyName\",\"latitude\",\"longitude\",\"cmdrName\",\"clientVersion\",\"reportStatus\",\"systemAddress\",\"regionID\",\"coordX\",\"coordY\",\"coordZ\",\"type\",\"frontierID\",\"cmdrComment\",\"isBeta\",\"reportComment\",\"voteCount\",\"added\",\"site\"]','[]',4,'2020-10-18 10:32:21','2020-10-18 10:32:21'),(1236,'plugins::content-manager.explorer.update','application::gvreport.gvreport','[\"userType\",\"reportType\",\"systemName\",\"bodyName\",\"latitude\",\"longitude\",\"cmdrName\",\"clientVersion\",\"reportStatus\",\"systemAddress\",\"regionID\",\"coordX\",\"coordY\",\"coordZ\",\"type\",\"frontierID\",\"cmdrComment\",\"isBeta\",\"reportComment\",\"voteCount\",\"added\",\"site\"]','[]',4,'2020-10-18 10:32:21','2020-10-18 10:32:21'),(1237,'plugins::content-manager.explorer.read','application::gvsite.gvsite','[\"siteID\",\"latitude\",\"longitude\",\"system\",\"body\",\"type\",\"frontierID\",\"verified\",\"visible\",\"discoveredBy\"]','[]',4,'2020-10-18 10:32:21','2020-10-18 10:32:21'),(1238,'plugins::content-manager.explorer.update','application::gvsite.gvsite','[\"siteID\",\"latitude\",\"longitude\",\"system\",\"body\",\"type\",\"frontierID\",\"verified\",\"visible\",\"discoveredBy\"]','[]',4,'2020-10-18 10:32:21','2020-10-18 10:32:21'),(1239,'plugins::content-manager.explorer.read','application::gvtype.gvtype','[\"type\",\"journalName\",\"journalID\"]','[]',4,'2020-10-18 10:32:21','2020-10-18 10:32:21'),(1240,'plugins::content-manager.explorer.create','application::gyreport.gyreport','[\"userType\",\"reportType\",\"systemName\",\"bodyName\",\"latitude\",\"longitude\",\"cmdrName\",\"clientVersion\",\"reportStatus\",\"systemAddress\",\"regionID\",\"coordX\",\"coordY\",\"coordZ\",\"type\",\"frontierID\",\"cmdrComment\",\"isBeta\",\"reportComment\",\"voteCount\",\"added\",\"site\"]','[]',4,'2020-10-18 10:32:21','2020-10-18 10:32:21'),(1241,'plugins::content-manager.explorer.read','application::gyreport.gyreport','[\"userType\",\"reportType\",\"systemName\",\"bodyName\",\"latitude\",\"longitude\",\"cmdrName\",\"clientVersion\",\"reportStatus\",\"systemAddress\",\"regionID\",\"coordX\",\"coordY\",\"coordZ\",\"type\",\"frontierID\",\"cmdrComment\",\"isBeta\",\"reportComment\",\"voteCount\",\"added\",\"site\"]','[]',4,'2020-10-18 10:32:21','2020-10-18 10:32:21'),(1242,'plugins::content-manager.explorer.update','application::gyreport.gyreport','[\"userType\",\"reportType\",\"systemName\",\"bodyName\",\"latitude\",\"longitude\",\"cmdrName\",\"clientVersion\",\"reportStatus\",\"systemAddress\",\"regionID\",\"coordX\",\"coordY\",\"coordZ\",\"type\",\"frontierID\",\"cmdrComment\",\"isBeta\",\"reportComment\",\"voteCount\",\"added\",\"site\"]','[]',4,'2020-10-18 10:32:21','2020-10-18 10:32:21'),(1243,'plugins::content-manager.explorer.read','application::gysite.gysite','[\"siteID\",\"latitude\",\"longitude\",\"system\",\"body\",\"type\",\"frontierID\",\"verified\",\"visible\",\"discoveredBy\"]','[]',4,'2020-10-18 10:32:21','2020-10-18 10:32:21'),(1244,'plugins::content-manager.explorer.update','application::gysite.gysite','[\"siteID\",\"latitude\",\"longitude\",\"system\",\"body\",\"type\",\"frontierID\",\"verified\",\"visible\",\"discoveredBy\"]','[]',4,'2020-10-18 10:32:21','2020-10-18 10:32:21'),(1245,'plugins::content-manager.explorer.read','application::gytype.gytype','[\"type\",\"journalName\",\"journalID\"]','[]',4,'2020-10-18 10:32:21','2020-10-18 10:32:21'),(1246,'plugins::content-manager.explorer.read','application::hdreport.hdreport','[\"fromSystemName\",\"cmdrName\",\"clientVersion\",\"reportStatus\",\"toSystemName\",\"cmdrComment\",\"screenshot\",\"isBeta\",\"reportComment\",\"hdRawJson\"]','[]',4,'2020-10-18 10:32:21','2020-10-18 10:32:21'),(1247,'plugins::content-manager.explorer.read','application::lcfssreport.lcfssreport','[\"reportStatus\",\"cmdrName\",\"systemName\",\"systemAddress\",\"signalName\",\"signalNameLocalised\",\"isBeta\",\"clientVersion\",\"rawJson\"]','[]',4,'2020-10-18 10:32:21','2020-10-18 10:32:21'),(1248,'plugins::content-manager.explorer.create','application::lsreport.lsreport','[\"userType\",\"reportType\",\"systemName\",\"bodyName\",\"latitude\",\"longitude\",\"cmdrName\",\"clientVersion\",\"reportStatus\",\"systemAddress\",\"regionID\",\"coordX\",\"coordY\",\"coordZ\",\"type\",\"frontierID\",\"cmdrComment\",\"isBeta\",\"reportComment\",\"voteCount\",\"added\",\"site\"]','[]',4,'2020-10-18 10:32:21','2020-10-18 10:32:21'),(1249,'plugins::content-manager.explorer.read','application::lsreport.lsreport','[\"userType\",\"reportType\",\"systemName\",\"bodyName\",\"latitude\",\"longitude\",\"cmdrName\",\"clientVersion\",\"reportStatus\",\"systemAddress\",\"regionID\",\"coordX\",\"coordY\",\"coordZ\",\"type\",\"frontierID\",\"cmdrComment\",\"isBeta\",\"reportComment\",\"voteCount\",\"added\",\"site\"]','[]',4,'2020-10-18 10:32:21','2020-10-18 10:32:21'),(1250,'plugins::content-manager.explorer.update','application::lsreport.lsreport','[\"userType\",\"reportType\",\"systemName\",\"bodyName\",\"latitude\",\"longitude\",\"cmdrName\",\"clientVersion\",\"reportStatus\",\"systemAddress\",\"regionID\",\"coordX\",\"coordY\",\"coordZ\",\"type\",\"frontierID\",\"cmdrComment\",\"isBeta\",\"reportComment\",\"voteCount\",\"added\",\"site\"]','[]',4,'2020-10-18 10:32:21','2020-10-18 10:32:21'),(1251,'plugins::content-manager.explorer.read','application::lssite.lssite','[\"siteID\",\"latitude\",\"longitude\",\"system\",\"body\",\"type\",\"frontierID\",\"verified\",\"visible\",\"discoveredBy\"]','[]',4,'2020-10-18 10:32:21','2020-10-18 10:32:21'),(1252,'plugins::content-manager.explorer.update','application::lssite.lssite','[\"siteID\",\"latitude\",\"longitude\",\"system\",\"body\",\"type\",\"frontierID\",\"verified\",\"visible\",\"discoveredBy\"]','[]',4,'2020-10-18 10:32:21','2020-10-18 10:32:21'),(1253,'plugins::content-manager.explorer.read','application::lstype.lstype','[\"type\",\"journalName\",\"journalID\"]','[]',4,'2020-10-18 10:32:21','2020-10-18 10:32:21'),(1254,'plugins::content-manager.explorer.read','application::materialreport.materialreport','[\"system\",\"coordX\",\"coordY\",\"coordZ\",\"journalName\",\"clientVersion\",\"body\",\"distanceFromMainStar\",\"latitude\",\"longitude\",\"category\",\"count\",\"factionState\",\"factionAllegiance\",\"collectedFrom\",\"isBeta\"]','[]',4,'2020-10-18 10:32:21','2020-10-18 10:32:21'),(1255,'plugins::content-manager.explorer.read','application::nhssreport.nhssreport','[\"clientVersion\",\"reportStatus\",\"systemName\",\"threatLevel\",\"cmdrName\",\"cmdrComment\",\"isBeta\",\"reportComment\",\"added\",\"nhssRawJson\"]','[]',4,'2020-10-18 10:32:21','2020-10-18 10:32:21'),(1256,'plugins::content-manager.explorer.read','application::permitlock.permitlock','[\"system\",\"region\",\"sector\",\"coordX\",\"coordY\",\"coordZ\"]','[]',4,'2020-10-18 10:32:21','2020-10-18 10:32:21'),(1257,'plugins::content-manager.explorer.read','application::point-of-interest.point-of-interest','[\"systemName\",\"edsmCoordX\",\"edsmCoordY\",\"edsmCoordZ\",\"poiType\",\"bodyName\",\"notes\"]','[]',4,'2020-10-18 10:32:21','2020-10-18 10:32:22'),(1258,'plugins::content-manager.explorer.read','application::region.region','[\"name\",\"journalName\",\"regionID\"]','[]',4,'2020-10-18 10:32:21','2020-10-18 10:32:22'),(1259,'plugins::content-manager.explorer.read','application::reporttype.reporttype','[\"type\",\"endpoint\",\"location\",\"journalName\",\"journalID\",\"journalType\"]','[]',4,'2020-10-18 10:32:21','2020-10-18 10:32:22'),(1260,'plugins::content-manager.explorer.read','application::ring.ring','[\"ringName\",\"body\",\"type\",\"mass\",\"innerRadius\",\"outerRadius\"]','[]',4,'2020-10-18 10:32:21','2020-10-18 10:32:22'),(1261,'plugins::content-manager.explorer.read','application::system.system','[\"systemName\",\"id64\",\"edsmID\",\"edsmCoordX\",\"edsmCoordY\",\"edsmCoordZ\",\"edsmCoordLocked\",\"missingSkipCount\",\"bodies\",\"region\",\"primaryStar\",\"apsites\",\"bmsites\",\"btsites\",\"cssites\",\"fgsites\",\"fmsites\",\"gbsites\",\"gensites\",\"grsites\",\"gssites\",\"gvsites\",\"gysites\",\"lssites\",\"tbsites\",\"tssites\",\"twsites\"]','[]',4,'2020-10-18 10:32:21','2020-10-18 10:32:22'),(1262,'plugins::content-manager.explorer.read','application::tbcycle.tbcycle','[\"cycle\"]','[]',4,'2020-10-18 10:32:21','2020-10-18 10:32:22'),(1263,'plugins::content-manager.explorer.create','application::tbreport.tbreport','[\"userType\",\"reportType\",\"systemName\",\"bodyName\",\"latitude\",\"longitude\",\"type\",\"subtype\",\"cycle\",\"cmdrName\",\"clientVersion\",\"reportStatus\",\"systemAddress\",\"regionID\",\"coordX\",\"coordY\",\"coordZ\",\"frontierID\",\"cmdrComment\",\"isBeta\",\"screenshot\",\"reportComment\",\"voteCount\",\"added\",\"site\"]','[]',4,'2020-10-18 10:32:21','2020-10-18 10:32:22'),(1264,'plugins::content-manager.explorer.read','application::tbreport.tbreport','[\"userType\",\"reportType\",\"systemName\",\"bodyName\",\"latitude\",\"longitude\",\"type\",\"subtype\",\"cycle\",\"cmdrName\",\"clientVersion\",\"reportStatus\",\"systemAddress\",\"regionID\",\"coordX\",\"coordY\",\"coordZ\",\"frontierID\",\"cmdrComment\",\"isBeta\",\"screenshot\",\"reportComment\",\"voteCount\",\"added\",\"site\"]','[]',4,'2020-10-18 10:32:21','2020-10-18 10:32:22'),(1265,'plugins::content-manager.explorer.update','application::tbreport.tbreport','[\"userType\",\"reportType\",\"systemName\",\"bodyName\",\"latitude\",\"longitude\",\"type\",\"subtype\",\"cycle\",\"cmdrName\",\"clientVersion\",\"reportStatus\",\"systemAddress\",\"regionID\",\"coordX\",\"coordY\",\"coordZ\",\"frontierID\",\"cmdrComment\",\"isBeta\",\"screenshot\",\"reportComment\",\"voteCount\",\"added\",\"site\"]','[]',4,'2020-10-18 10:32:21','2020-10-18 10:32:22'),(1266,'plugins::content-manager.explorer.read','application::tbsite.tbsite','[\"siteID\",\"latitude\",\"longitude\",\"system\",\"body\",\"type\",\"subtype\",\"frontierID\",\"cycle\",\"comment\",\"verified\",\"visible\",\"discoveredBy\"]','[]',4,'2020-10-18 10:32:21','2020-10-18 10:32:22'),(1267,'plugins::content-manager.explorer.update','application::tbsite.tbsite','[\"siteID\",\"latitude\",\"longitude\",\"system\",\"body\",\"type\",\"subtype\",\"frontierID\",\"cycle\",\"comment\",\"verified\",\"visible\",\"discoveredBy\"]','[]',4,'2020-10-18 10:32:21','2020-10-18 10:32:22'),(1268,'plugins::content-manager.explorer.read','application::tbsubtype.tbsubtype','[\"type\",\"metaAlloyCount\"]','[]',4,'2020-10-18 10:32:21','2020-10-18 10:32:22'),(1269,'plugins::content-manager.explorer.read','application::tbtype.tbtype','[\"type\",\"journalName\",\"journalID\"]','[]',4,'2020-10-18 10:32:21','2020-10-18 10:32:22'),(1270,'plugins::content-manager.explorer.create','application::tsreport.tsreport','[\"userType\",\"reportType\",\"systemName\",\"bodyName\",\"latitude\",\"longitude\",\"status\",\"cmdrName\",\"clientVersion\",\"reportStatus\",\"systemAddress\",\"regionID\",\"coordX\",\"coordY\",\"coordZ\",\"cmdrComment\",\"isBeta\",\"screenshot\",\"reportComment\",\"voteCount\",\"added\",\"site\"]','[]',4,'2020-10-18 10:32:21','2020-10-18 10:32:22'),(1271,'plugins::content-manager.explorer.read','application::tsreport.tsreport','[\"userType\",\"reportType\",\"systemName\",\"bodyName\",\"latitude\",\"longitude\",\"status\",\"cmdrName\",\"clientVersion\",\"reportStatus\",\"systemAddress\",\"regionID\",\"coordX\",\"coordY\",\"coordZ\",\"cmdrComment\",\"isBeta\",\"screenshot\",\"reportComment\",\"voteCount\",\"added\",\"site\"]','[]',4,'2020-10-18 10:32:21','2020-10-18 10:32:22'),(1272,'plugins::content-manager.explorer.update','application::tsreport.tsreport','[\"userType\",\"reportType\",\"systemName\",\"bodyName\",\"latitude\",\"longitude\",\"status\",\"cmdrName\",\"clientVersion\",\"reportStatus\",\"systemAddress\",\"regionID\",\"coordX\",\"coordY\",\"coordZ\",\"cmdrComment\",\"isBeta\",\"screenshot\",\"reportComment\",\"voteCount\",\"added\",\"site\"]','[]',4,'2020-10-18 10:32:21','2020-10-18 10:32:22'),(1273,'plugins::content-manager.explorer.read','application::tssite.tssite','[\"siteID\",\"latitude\",\"longitude\",\"system\",\"body\",\"status\",\"verified\",\"visible\",\"msg1Site\",\"msg2Site\",\"msg3Site\",\"discoveredBy\"]','[]',4,'2020-10-18 10:32:21','2020-10-18 10:32:22'),(1274,'plugins::content-manager.explorer.update','application::tssite.tssite','[\"siteID\",\"latitude\",\"longitude\",\"system\",\"body\",\"status\",\"verified\",\"visible\",\"msg1Site\",\"msg2Site\",\"msg3Site\",\"discoveredBy\"]','[]',4,'2020-10-18 10:32:21','2020-10-18 10:32:22'),(1275,'plugins::content-manager.explorer.read','application::tsstatus.tsstatus','[\"status\"]','[]',4,'2020-10-18 10:32:21','2020-10-18 10:32:22'),(1276,'plugins::content-manager.explorer.create','application::twreport.twreport','[\"userType\",\"reportType\",\"systemName\",\"bodyName\",\"latitude\",\"longitude\",\"cmdrName\",\"clientVersion\",\"reportStatus\",\"systemAddress\",\"regionID\",\"coordX\",\"coordY\",\"coordZ\",\"type\",\"frontierID\",\"cmdrComment\",\"isBeta\",\"reportComment\",\"voteCount\",\"added\",\"site\"]','[]',4,'2020-10-18 10:32:21','2020-10-18 10:32:22'),(1277,'plugins::content-manager.explorer.read','application::twreport.twreport','[\"userType\",\"reportType\",\"systemName\",\"bodyName\",\"latitude\",\"longitude\",\"cmdrName\",\"clientVersion\",\"reportStatus\",\"systemAddress\",\"regionID\",\"coordX\",\"coordY\",\"coordZ\",\"type\",\"frontierID\",\"cmdrComment\",\"isBeta\",\"reportComment\",\"voteCount\",\"added\",\"site\"]','[]',4,'2020-10-18 10:32:21','2020-10-18 10:32:22'),(1278,'plugins::content-manager.explorer.update','application::twreport.twreport','[\"userType\",\"reportType\",\"systemName\",\"bodyName\",\"latitude\",\"longitude\",\"cmdrName\",\"clientVersion\",\"reportStatus\",\"systemAddress\",\"regionID\",\"coordX\",\"coordY\",\"coordZ\",\"type\",\"frontierID\",\"cmdrComment\",\"isBeta\",\"reportComment\",\"voteCount\",\"added\",\"site\"]','[]',4,'2020-10-18 10:32:21','2020-10-18 10:32:22'),(1279,'plugins::content-manager.explorer.read','application::twsite.twsite','[\"siteID\",\"latitude\",\"longitude\",\"verified\",\"system\",\"body\",\"type\",\"frontierID\",\"visible\",\"discoveredBy\"]','[]',4,'2020-10-18 10:32:21','2020-10-18 10:32:22'),(1280,'plugins::content-manager.explorer.update','application::twsite.twsite','[\"siteID\",\"latitude\",\"longitude\",\"verified\",\"system\",\"body\",\"type\",\"frontierID\",\"visible\",\"discoveredBy\"]','[]',4,'2020-10-18 10:32:21','2020-10-18 10:32:22'),(1281,'plugins::content-manager.explorer.read','application::twtype.twtype','[\"type\",\"journalName\",\"journalID\"]','[]',4,'2020-10-18 10:32:21','2020-10-18 10:32:22'),(1282,'plugins::content-manager.explorer.create','application::gractivegroup.gractivegroup','[\"grSite\",\"activeGroup\"]','[]',4,'2020-10-18 10:32:21','2020-10-18 10:32:22'),(1283,'plugins::content-manager.explorer.read','application::gractivegroup.gractivegroup','[\"grSite\",\"activeGroup\"]','[]',4,'2020-10-18 10:32:21','2020-10-18 10:32:22'),(1284,'plugins::content-manager.explorer.update','application::gractivegroup.gractivegroup','[\"grSite\",\"activeGroup\"]','[]',4,'2020-10-18 10:32:21','2020-10-18 10:32:22'),(1285,'plugins::content-manager.explorer.create','application::gractiveobelisk.gractiveobelisk','[\"grSite\",\"activeObelisk\"]','[]',4,'2020-10-18 10:32:21','2020-10-18 10:32:22'),(1286,'plugins::content-manager.explorer.read','application::gractiveobelisk.gractiveobelisk','[\"grSite\",\"activeObelisk\"]','[]',4,'2020-10-18 10:32:21','2020-10-18 10:32:22'),(1287,'plugins::content-manager.explorer.update','application::gractiveobelisk.gractiveobelisk','[\"grSite\",\"activeObelisk\"]','[]',4,'2020-10-18 10:32:21','2020-10-18 10:32:22'),(1288,'plugins::content-manager.explorer.read','application::grcodexcategory.grcodexcategory','[\"categoryName\"]','[]',4,'2020-10-18 10:32:21','2020-10-18 10:32:22'),(1289,'plugins::content-manager.explorer.create','application::grobeliskreport.grobeliskreport','[\"grreport\",\"groups\",\"obelisks\"]','[]',4,'2020-10-18 10:32:21','2020-10-18 10:32:22'),(1290,'plugins::content-manager.explorer.read','application::grobeliskreport.grobeliskreport','[\"grreport\",\"groups\",\"obelisks\"]','[]',4,'2020-10-18 10:32:21','2020-10-18 10:32:22'),(1291,'plugins::content-manager.explorer.update','application::grobeliskreport.grobeliskreport','[\"grreport\",\"groups\",\"obelisks\"]','[]',4,'2020-10-18 10:32:21','2020-10-18 10:32:22'),(1292,'plugins::content-manager.explorer.create','application::gsactivegroup.gsactivegroup','[\"gsSite\",\"activeGroup\"]','[]',4,'2020-10-18 10:32:21','2020-10-18 10:32:22'),(1293,'plugins::content-manager.explorer.read','application::gsactivegroup.gsactivegroup','[\"gsSite\",\"activeGroup\"]','[]',4,'2020-10-18 10:32:21','2020-10-18 10:32:22'),(1294,'plugins::content-manager.explorer.update','application::gsactivegroup.gsactivegroup','[\"gsSite\",\"activeGroup\"]','[]',4,'2020-10-18 10:32:21','2020-10-18 10:32:22'),(1295,'plugins::content-manager.explorer.create','application::gsactiveobelisk.gsactiveobelisk','[\"gsSite\",\"activeObelisk\"]','[]',4,'2020-10-18 10:32:21','2020-10-18 10:32:22'),(1296,'plugins::content-manager.explorer.read','application::gsactiveobelisk.gsactiveobelisk','[\"gsSite\",\"activeObelisk\"]','[]',4,'2020-10-18 10:32:21','2020-10-18 10:32:22'),(1297,'plugins::content-manager.explorer.update','application::gsactiveobelisk.gsactiveobelisk','[\"gsSite\",\"activeObelisk\"]','[]',4,'2020-10-18 10:32:21','2020-10-18 10:32:22'),(1298,'plugins::content-manager.explorer.create','application::gsobeliskreport.gsobeliskreport','[\"gsreport\",\"groups\",\"obelisks\"]','[]',4,'2020-10-18 10:32:21','2020-10-18 10:32:22'),(1299,'plugins::content-manager.explorer.read','application::gsobeliskreport.gsobeliskreport','[\"gsreport\",\"groups\",\"obelisks\"]','[]',4,'2020-10-18 10:32:21','2020-10-18 10:32:22'),(1300,'plugins::content-manager.explorer.update','application::gsobeliskreport.gsobeliskreport','[\"gsreport\",\"groups\",\"obelisks\"]','[]',4,'2020-10-18 10:32:21','2020-10-18 10:32:22'),(1301,'plugins::documentation.read',NULL,NULL,'[]',4,'2020-10-18 10:42:43','2020-10-18 10:42:43'),(1302,'plugins::upload.read',NULL,NULL,'[]',4,'2020-10-18 10:42:43','2020-10-18 10:42:43'),(1303,'plugins::upload.assets.create',NULL,NULL,'[]',4,'2020-10-18 10:42:43','2020-10-18 10:42:43'),(1304,'plugins::upload.assets.update',NULL,NULL,'[]',4,'2020-10-18 10:42:43','2020-10-18 10:42:43'),(1305,'plugins::upload.assets.download',NULL,NULL,'[]',4,'2020-10-18 10:42:43','2020-10-18 10:42:43'),(1306,'plugins::upload.assets.copy-link',NULL,NULL,'[]',4,'2020-10-18 10:42:43','2020-10-18 10:42:43');
/*!40000 ALTER TABLE `strapi_permission` ENABLE KEYS */;
UNLOCK TABLES;

--
-- Table structure for table `strapi_role`
--

DROP TABLE IF EXISTS `strapi_role`;
/*!40101 SET @saved_cs_client     = @@character_set_client */;
/*!40101 SET character_set_client = utf8 */;
CREATE TABLE `strapi_role` (
  `id` int(10) unsigned NOT NULL AUTO_INCREMENT,
  `name` varchar(255) NOT NULL,
  `code` varchar(255) NOT NULL,
  `description` varchar(255) DEFAULT NULL,
  `created_at` timestamp NULL DEFAULT current_timestamp(),
  `updated_at` timestamp NULL DEFAULT current_timestamp(),
  PRIMARY KEY (`id`),
  UNIQUE KEY `strapi_role_name_unique` (`name`),
  UNIQUE KEY `strapi_role_code_unique` (`code`)
) ENGINE=InnoDB AUTO_INCREMENT=13 DEFAULT CHARSET=utf8mb4;
/*!40101 SET character_set_client = @saved_cs_client */;

--
-- Dumping data for table `strapi_role`
--

LOCK TABLES `strapi_role` WRITE;
/*!40000 ALTER TABLE `strapi_role` DISABLE KEYS */;
INSERT INTO `strapi_role` VALUES (1,'Super Admin','strapi-super-admin','Super Admins can access and manage all features and settings.','2020-10-18 08:51:22','2020-10-18 08:51:22'),(4,'Report Admin','report-admin-kgek0hqe','Admin for managing all reports','2020-10-18 10:32:21','2020-10-18 10:32:21'),(5,'Boffin - Admin','boffin-admin-kgek16p8','Management of Boffins','2020-10-18 10:32:53','2020-10-18 10:36:09'),(6,'Boffin - Guardian','boffin-guardian-kgek1r3k','Boffin of Guardians','2020-10-18 10:33:19','2020-10-18 10:36:20'),(7,'Boffin - Thargoid','boffin-thargoids-kgek28jx','Boffin of Thargoids','2020-10-18 10:33:42','2020-10-18 10:36:25'),(8,'Boffin - Exploration','boffin-exploration-kgek2rb8','Boffin of Exploration','2020-10-18 10:34:06','2020-10-18 10:34:06'),(9,'Boffin - Geology','boffin-geology-kgek37tw','Boffin of Geology','2020-10-18 10:34:28','2020-10-18 10:34:28'),(10,'Boffin - Biology','boffin-biology-kgek3msj','Boffin of Biology','2020-10-18 10:34:47','2020-10-18 10:34:47'),(11,'R&D Members','r-d-members-kgek4gzg','Members of Research and Development','2020-10-18 10:35:26','2020-10-18 10:35:26'),(12,'R&D Guests','r-d-guests-kgek5186','Guests of Research and Development\nREAD ONLY ACCESS','2020-10-18 10:35:52','2020-10-18 10:35:52');
/*!40000 ALTER TABLE `strapi_role` ENABLE KEYS */;
UNLOCK TABLES;

--
-- Table structure for table `strapi_users_roles`
--

DROP TABLE IF EXISTS `strapi_users_roles`;
/*!40101 SET @saved_cs_client     = @@character_set_client */;
/*!40101 SET character_set_client = utf8 */;
CREATE TABLE `strapi_users_roles` (
  `id` int(10) unsigned NOT NULL AUTO_INCREMENT,
  `user_id` int(11) DEFAULT NULL,
  `role_id` int(11) DEFAULT NULL,
  PRIMARY KEY (`id`)
) ENGINE=InnoDB AUTO_INCREMENT=6 DEFAULT CHARSET=utf8mb4;
/*!40101 SET character_set_client = @saved_cs_client */;

--
-- Dumping data for table `strapi_users_roles`
--

LOCK TABLES `strapi_users_roles` WRITE;
/*!40000 ALTER TABLE `strapi_users_roles` DISABLE KEYS */;
INSERT INTO `strapi_users_roles` VALUES (1,4,1),(2,1,1),(3,3,1),(4,2,1),(5,7,1);
/*!40000 ALTER TABLE `strapi_users_roles` ENABLE KEYS */;
UNLOCK TABLES;
/*!40103 SET TIME_ZONE=@OLD_TIME_ZONE */;

/*!40101 SET SQL_MODE=@OLD_SQL_MODE */;
/*!40014 SET FOREIGN_KEY_CHECKS=@OLD_FOREIGN_KEY_CHECKS */;
/*!40014 SET UNIQUE_CHECKS=@OLD_UNIQUE_CHECKS */;
/*!40101 SET CHARACTER_SET_CLIENT=@OLD_CHARACTER_SET_CLIENT */;
/*!40101 SET CHARACTER_SET_RESULTS=@OLD_CHARACTER_SET_RESULTS */;
/*!40101 SET COLLATION_CONNECTION=@OLD_COLLATION_CONNECTION */;
/*!40111 SET SQL_NOTES=@OLD_SQL_NOTES */;

-- Dump completed on 2020-10-17 20:52:43
